CREATE DATABASE  library /*!40100 DEFAULT CHARACTER SET utf8 */;
USE library;
-- MySQL dump 10.13  Distrib 5.6.13, for Win32 (x86)
--
-- Host: 127.0.0.1    Database: library
-- ------------------------------------------------------
-- Server version	5.6.14-log

/*!40101 SET @OLD_CHARACTER_SET_CLIENT=@@CHARACTER_SET_CLIENT */;
/*!40101 SET @OLD_CHARACTER_SET_RESULTS=@@CHARACTER_SET_RESULTS */;
/*!40101 SET @OLD_COLLATION_CONNECTION=@@COLLATION_CONNECTION */;
/*!40101 SET NAMES utf8 */;
/*!40103 SET @OLD_TIME_ZONE=@@TIME_ZONE */;
/*!40103 SET TIME_ZONE='+00:00' */;
/*!40014 SET @OLD_UNIQUE_CHECKS=@@UNIQUE_CHECKS, UNIQUE_CHECKS=0 */;
/*!40014 SET @OLD_FOREIGN_KEY_CHECKS=@@FOREIGN_KEY_CHECKS, FOREIGN_KEY_CHECKS=0 */;
/*!40101 SET @OLD_SQL_MODE=@@SQL_MODE, SQL_MODE='NO_AUTO_VALUE_ON_ZERO' */;
/*!40111 SET @OLD_SQL_NOTES=@@SQL_NOTES, SQL_NOTES=0 */;

--
-- Table structure for table `book`
--

DROP TABLE IF EXISTS `book`;
/*!40101 SET @saved_cs_client     = @@character_set_client */;
/*!40101 SET character_set_client = utf8 */;
CREATE TABLE `book` (
  `book_id` varchar(15) NOT NULL DEFAULT '',
  `title` varchar(100) DEFAULT NULL,
  PRIMARY KEY (`book_id`)
) ENGINE=InnoDB DEFAULT CHARSET=utf8;
/*!40101 SET character_set_client = @saved_cs_client */;

--
-- Dumping data for table `book`
--

LOCK TABLES `book` WRITE;
/*!40000 ALTER TABLE `book` DISABLE KEYS */;

INSERT INTO Book(book_id,title) VALUES ('0030059380','Fundamentals of Analytical Chemistry');
INSERT INTO Book(book_id,title) VALUES ('0030303370','Essentials of Chemistry');
INSERT INTO Book(book_id,title) VALUES ('0030615372','The Mbuti Pygmies');
INSERT INTO Book(book_id,title) VALUES ('0060287659','The Stones Are Hatching');
INSERT INTO Book(book_id,title) VALUES ('0060393645','Healthy Life Kitchen');
INSERT INTO Book(book_id,title) VALUES ('0060930497','Finding Darwin God: Scientists Search For Common Ground');
INSERT INTO Book(book_id,title) VALUES ('0060959290','Among the Russians');
INSERT INTO Book(book_id,title) VALUES ('0070121430','Introduction to Algorithms');
INSERT INTO Book(book_id,title) VALUES ('0070349096','Distillation Design');
INSERT INTO Book(book_id,title) VALUES ('0070498415','Perrys Chemical Engineers Handbook');
INSERT INTO Book(book_id,title) VALUES ('0070571864','Chemical Technicians Ready Reference Handbook');
INSERT INTO Book(book_id,title) VALUES ('0071354190','Science at the Extreme: Scientists on the Cutting Edge of Discovery');
INSERT INTO Book(book_id,title) VALUES ('0072127317','PHP 4 Developers Guide');
INSERT INTO Book(book_id,title) VALUES ('0072127481','Hacking Exposed: Network Security Secrets And Solutions');
INSERT INTO Book(book_id,title) VALUES ('0078823927','Teach yourself C++');
INSERT INTO Book(book_id,title) VALUES ('0078823978','The complete reference HTML');
INSERT INTO Book(book_id,title) VALUES ('0120594757','Practical Process Research and Development');
INSERT INTO Book(book_id,title) VALUES ('0120848104','Costa Rica: The Ecotraveller Wildlife Guide');
INSERT INTO Book(book_id,title) VALUES ('0125535600','Theory and Applications of Numerical Analysis');
INSERT INTO Book(book_id,title) VALUES ('0130264857','Algebra 1');
INSERT INTO Book(book_id,title) VALUES ('0130273635','Thinking in Java');
INSERT INTO Book(book_id,title) VALUES ('0130819735','Essentials of Management');
INSERT INTO Book(book_id,title) VALUES ('0134897250','Object Oriented Software Engineering: Conquering Complex and Changing Systems');
INSERT INTO Book(book_id,title) VALUES ('0136603904','Assembly Language for Intel-Based Computers');
INSERT INTO Book(book_id,title) VALUES ('0137566107','IBM PC Assembly Language and Programming, Fourth Edition');
INSERT INTO Book(book_id,title) VALUES ('0138613370','A First Course in Database Systems');
INSERT INTO Book(book_id,title) VALUES ('0151004714','The Last Life');
INSERT INTO Book(book_id,title) VALUES ('0156007088','Walking with the Wind');
INSERT INTO Book(book_id,title) VALUES ('0156007754','Blindness');
INSERT INTO Book(book_id,title) VALUES ('0198503652','The Meme Machine');
INSERT INTO Book(book_id,title) VALUES ('0201379260','The C++ Standard Library: A Tutorial and Reference');
INSERT INTO Book(book_id,title) VALUES ('0201612585','Oracle 8 Programming: A Primer');
INSERT INTO Book(book_id,title) VALUES ('0201615622','Exceptional C++: 47 Engineering Puzzles, Programming Problems');
INSERT INTO Book(book_id,title) VALUES ('0201615711','Network Programming with Perl');
INSERT INTO Book(book_id,title) VALUES ('0201634422','An Engineering Approach to Computer Networks');
INSERT INTO Book(book_id,title) VALUES ('0201700735','The C++ Programming Language, Special Edition');
INSERT INTO Book(book_id,title) VALUES ('0201709287','Foundation for Future Database Systems: The Third Manifesto');
INSERT INTO Book(book_id,title) VALUES ('0256228779','Marketing: Creating Value for Customers');
INSERT INTO Book(book_id,title) VALUES ('0262041642','Robot Shaping: An Experiment in Behavior Engineering');
INSERT INTO Book(book_id,title) VALUES ('0262133822','Robo Sapiens: Evolution of a New Species');
INSERT INTO Book(book_id,title) VALUES ('0262181916','Advice for a Young Investigator');
INSERT INTO Book(book_id,title) VALUES ('0312135033','Great Catherine');
INSERT INTO Book(book_id,title) VALUES ('0312965095','This Time for Keeps');
INSERT INTO Book(book_id,title) VALUES ('0314129499','American Government');
INSERT INTO Book(book_id,title) VALUES ('0316154075','A Darkness More than Night');
INSERT INTO Book(book_id,title) VALUES ('0316695262','Right as Rain');
INSERT INTO Book(book_id,title) VALUES ('0316769487','Catcher in the Rye');
INSERT INTO Book(book_id,title) VALUES ('0345298063','Peter the Great: His Life and World');
INSERT INTO Book(book_id,title) VALUES ('0345313860','The Vampire Lestat');
INSERT INTO Book(book_id,title) VALUES ('0345337662','Interview With The Vampire');
INSERT INTO Book(book_id,title) VALUES ('0345350499','The Mists Of Avalon');
INSERT INTO Book(book_id,title) VALUES ('0345370775','Jurassic Park');
INSERT INTO Book(book_id,title) VALUES ('0345377648','Lasher');
INSERT INTO Book(book_id,title) VALUES ('0345384466','The Witching Hour');
INSERT INTO Book(book_id,title) VALUES ('0345417623','Timeline');
INSERT INTO Book(book_id,title) VALUES ('0345419758','Air Force One Has Landed');
INSERT INTO Book(book_id,title) VALUES ('0345438310','Nicholas and Alexandra');
INSERT INTO Book(book_id,title) VALUES ('0374141231','The Second Creation: Dolly and the Age of Biological Control');
INSERT INTO Book(book_id,title) VALUES ('0375400818','Reading Lyrics');
INSERT INTO Book(book_id,title) VALUES ('0375502025','The Greatest Generation');
INSERT INTO Book(book_id,title) VALUES ('0375810609','Bonjour Babar');
INSERT INTO Book(book_id,title) VALUES ('0385326653','Kits Wilderness');
INSERT INTO Book(book_id,title) VALUES ('0385479565','The Hot Zone');
INSERT INTO Book(book_id,title) VALUES ('0387987010','Rare Earth: Why Complex Life is Uncommon in the Universe');
INSERT INTO Book(book_id,title) VALUES ('0393314251','The Mismeasure of Man');
INSERT INTO Book(book_id,title) VALUES ('0393316009','Ship Fever');
INSERT INTO Book(book_id,title) VALUES ('0395851580','George And Martha: The Complete Stories Of Two Best Friends');
INSERT INTO Book(book_id,title) VALUES ('0399146652','The Cat Who Smelled a Rat');
INSERT INTO Book(book_id,title) VALUES ('0399147020','Blood Lure');
INSERT INTO Book(book_id,title) VALUES ('0399501487','Lord of the Flies: A Novel');
INSERT INTO Book(book_id,title) VALUES ('0425133540','The Sum of All Fears');
INSERT INTO Book(book_id,title) VALUES ('0425143325','Without Remorse');
INSERT INTO Book(book_id,title) VALUES ('0425147584','Debt Of Honor');
INSERT INTO Book(book_id,title) VALUES ('0439064864','Harry Potter And The Chambers Of Secrets');
INSERT INTO Book(book_id,title) VALUES ('0439139597','Harry Potter And The Goblet Of Fire');
INSERT INTO Book(book_id,title) VALUES ('0439136350','Harry Potter And The Prisoner Of Azkaban');
INSERT INTO Book(book_id,title) VALUES ('0440413729','Belle Prater''s Boy');
INSERT INTO Book(book_id,title) VALUES ('0446310783','To Kill a Mockingbird');
INSERT INTO Book(book_id,title) VALUES ('0449202496','All Quiet on the Western Front');
INSERT INTO Book(book_id,title) VALUES ('0449911942','Rabbit at Rest');
INSERT INTO Book(book_id,title) VALUES ('0452272971','A Very Long Engagement');
INSERT INTO Book(book_id,title) VALUES ('0465041752','The Ape and the Sushi Master');
INSERT INTO Book(book_id,title) VALUES ('0471105597','Fundamentals of Physics Extended');
INSERT INTO Book(book_id,title) VALUES ('0471135615','Islands In the Sky: Bold New Ideas for Colonizing Space');
INSERT INTO Book(book_id,title) VALUES ('0471169196','Financial Accounting: tools for business decision making');
INSERT INTO Book(book_id,title) VALUES ('0471534781','Elementary Principles of Chemical Processes');
INSERT INTO Book(book_id,title) VALUES ('0471587192','Calculus: One and Several Variables');
INSERT INTO Book(book_id,title) VALUES ('0471597619','Analytical Chemistry');
INSERT INTO Book(book_id,title) VALUES ('0505523078','Virtual Heaven');
INSERT INTO Book(book_id,title) VALUES ('0517707950','The Law of Love');
INSERT INTO Book(book_id,title) VALUES ('0528838180','Coast-to-Coast Games');
INSERT INTO Book(book_id,title) VALUES ('0531164497','Spiders of North America');
INSERT INTO Book(book_id,title) VALUES ('0534368018','A First Book of C++: From Here to There');
INSERT INTO Book(book_id,title) VALUES ('0534944469','Discrete Mathematics with Applications');
INSERT INTO Book(book_id,title) VALUES ('0553102370','Eaters of the Dead');
INSERT INTO Book(book_id,title) VALUES ('0553283936','The Negotiator');
INSERT INTO Book(book_id,title) VALUES ('0553575538','Stealing Shadows');
INSERT INTO Book(book_id,title) VALUES ('0553577476','Lady Reckless');
INSERT INTO Book(book_id,title) VALUES ('0590262540','The Threat');
INSERT INTO Book(book_id,title) VALUES ('0590494368','The Underground');
INSERT INTO Book(book_id,title) VALUES ('0590494414','The Decision');
INSERT INTO Book(book_id,title) VALUES ('0590496379','The Discovery');
INSERT INTO Book(book_id,title) VALUES ('0590956159','In the Time of Dinosausrs');
INSERT INTO Book(book_id,title) VALUES ('0596000278','Programming Perl');
INSERT INTO Book(book_id,title) VALUES ('0609607995','IBM and the Holocaust');
INSERT INTO Book(book_id,title) VALUES ('0618056777','Through a Window');
INSERT INTO Book(book_id,title) VALUES ('0669076791','American Government');
INSERT INTO Book(book_id,title) VALUES ('0671032658','The Green Mile');
INSERT INTO Book(book_id,title) VALUES ('0671047310','The Third Option');
INSERT INTO Book(book_id,title) VALUES ('0671880756','Making the Mummies Dance');
INSERT INTO Book(book_id,title) VALUES ('6072314800','Sam''s Teach Yourself UNIX in 24 Hours, Second Edition');
INSERT INTO Book(book_id,title) VALUES ('0672319241','PHP Developers Cookbook');
INSERT INTO Book(book_id,title) VALUES ('0674003306','Lenin: A Biography');
INSERT INTO Book(book_id,title) VALUES ('0684801523','The Great Gatsby');
INSERT INTO Book(book_id,title) VALUES ('0684818701','The New Joy of Cooking');
INSERT INTO Book(book_id,title) VALUES ('0684856093','The 7 Habits of Highly Effective People');
INSERT INTO Book(book_id,title) VALUES ('0684869519','Coming Home To Jerusalem: A Personal Journey');
INSERT INTO Book(book_id,title) VALUES ('0688069711','The Body Electric: Electromagnetism and the Foundation of Life');
INSERT INTO Book(book_id,title) VALUES ('0688127371','Fish and Shellfish');
INSERT INTO Book(book_id,title) VALUES ('0688160999','Biomimicry: Innovation Inspired by Nature');
INSERT INTO Book(book_id,title) VALUES ('0688161995','How to Cook Meat');
INSERT INTO Book(book_id,title) VALUES ('0688163165','Mystic River');
INSERT INTO Book(book_id,title) VALUES ('0689813813','One Horse Waiting for Me');
INSERT INTO Book(book_id,title) VALUES ('0689829418','Totally the Messiest');
INSERT INTO Book(book_id,title) VALUES ('0689829531','Olivia');
INSERT INTO Book(book_id,title) VALUES ('0689836015','Silent to the Bone');
INSERT INTO Book(book_id,title) VALUES ('0716736381','The Triumph of Evolution...And the Failure of Creationism');
INSERT INTO Book(book_id,title) VALUES ('0737800033','Every Wall a Ladder');
INSERT INTO Book(book_id,title) VALUES ('0738201960','The Spark of Life: Darwin and the Primeval Soup');
INSERT INTO Book(book_id,title) VALUES ('0738204374','Rattling the Cage: Toward Legal Rights for Animals');
INSERT INTO Book(book_id,title) VALUES ('0743202104','Joy of Cooking Soups and Stews');
INSERT INTO Book(book_id,title) VALUES ('0743215052','The Constant Gardener');
INSERT INTO Book(book_id,title) VALUES ('0750650869','Data Analysis for Database Design');
INSERT INTO Book(book_id,title) VALUES ('0760049254','The Concepts of Database');
INSERT INTO Book(book_id,title) VALUES ('0761117199','The Cake Mix Doctor');
INSERT INTO Book(book_id,title) VALUES ('0764547161','PHP4 Bible');
INSERT INTO Book(book_id,title) VALUES ('0767903854','In a Sunburned Country');
INSERT INTO Book(book_id,title) VALUES ('0789305003','California Pop-Up Book');
INSERT INTO Book(book_id,title) VALUES ('0789404257','Eyewitness Travel Guides: Italy');
INSERT INTO Book(book_id,title) VALUES ('0792393651','Robot Learning');
INSERT INTO Book(book_id,title) VALUES ('0805057579','The Predictors');
INSERT INTO Book(book_id,title) VALUES ('0805317554','Fundamentals of Database Systems, 6th Edition');
INSERT INTO Book(book_id,title) VALUES ('0807825859','Not Afraid of Flavor');
INSERT INTO Book(book_id,title) VALUES ('0809299674','The Second World War in Color');
INSERT INTO Book(book_id,title) VALUES ('0810936852','The Georgia O''Keeffe Museum');
INSERT INTO Book(book_id,title) VALUES ('0810961695','The Family of Man');
INSERT INTO Book(book_id,title) VALUES ('0811213668','The Emigrants');
INSERT INTO Book(book_id,title) VALUES ('0811716937','The Sausage Making Cookbook');
INSERT INTO Book(book_id,title) VALUES ('0811826848','The Beatles Anthology');
INSERT INTO Book(book_id,title) VALUES ('0812093119','Statistics');
INSERT INTO Book(book_id,title) VALUES ('0812520610','Blood Brothers');
INSERT INTO Book(book_id,title) VALUES ('0812520629','The Last Aerie');
INSERT INTO Book(book_id,title) VALUES ('0813527406','The Emergence of Life on Earth: A Historical and Scientific Overview');
INSERT INTO Book(book_id,title) VALUES ('0821762559','Daughter of Camelot');
INSERT INTO Book(book_id,title) VALUES ('0838479022','Looking Ahead');
INSERT INTO Book(book_id,title) VALUES ('0849323754','Bioinformatics Basics Applications in Biological Science and Medicine');
INSERT INTO Book(book_id,title) VALUES ('0850668093','Human-Robot Interaction');
INSERT INTO Book(book_id,title) VALUES ('0864426429','Lonely Planet Boston');
INSERT INTO Book(book_id,title) VALUES ('0870212850','The Hunt For Red October');
INSERT INTO Book(book_id,title) VALUES ('0874779758','Entering Space');
INSERT INTO Book(book_id,title) VALUES ('0882664778','Home Sausage Making');
INSERT INTO Book(book_id,title) VALUES ('0887251714','Skiing Everyone');
INSERT INTO Book(book_id,title) VALUES ('0910146691','North Carolina Hiking Trails');
INSERT INTO Book(book_id,title) VALUES ('0911625291','IMS for the Cobol Programmer');
INSERT INTO Book(book_id,title) VALUES ('0911625453','VSAM for the Cobol Programmer');
INSERT INTO Book(book_id,title) VALUES ('0911625593','DB2 for the Cobol Programmer');
INSERT INTO Book(book_id,title) VALUES ('0911625607','CICS for the Cobol Programmer');
INSERT INTO Book(book_id,title) VALUES ('0911625852','MVS JCL for the Cobol Programmer');
INSERT INTO Book(book_id,title) VALUES ('0932813739','Technology of the Gods: The Incredible Sciences of the Ancients');
INSERT INTO Book(book_id,title) VALUES ('0935039031','Streetwise Manhattan');
INSERT INTO Book(book_id,title) VALUES ('0935112510','Golf Rules Illustrated');
INSERT INTO Book(book_id,title) VALUES ('0936184388','The Best Recipe');
INSERT INTO Book(book_id,title) VALUES ('0961470151','The Jazz Piano Book');
INSERT INTO Book(book_id,title) VALUES ('0961549890','Kauai Underground Guide');
INSERT INTO Book(book_id,title) VALUES ('0962477060','Fretboard Logic SE: Volumes Combined');
INSERT INTO Book(book_id,title) VALUES ('0966625307','So You Want to Live in Hawaii');
INSERT INTO Book(book_id,title) VALUES ('0967174805','Stranger in the Woods');
INSERT INTO Book(book_id,title) VALUES ('0967697603','Seafood Lovers Almanac');
INSERT INTO Book(book_id,title) VALUES ('1552047210','James Herriot''s Favorite Dog Stories');
INSERT INTO Book(book_id,title) VALUES ('1557044287','Gladiator');
INSERT INTO Book(book_id,title) VALUES ('1565922840','Learning Perl');
INSERT INTO Book(book_id,title) VALUES ('1565926099','Perl for System Administration');
INSERT INTO Book(book_id,title) VALUES ('1565926269','Access Database Design And Programming');
INSERT INTO Book(book_id,title) VALUES ('1565927699','PHP Pocket Reference');
INSERT INTO Book(book_id,title) VALUES ('1566912296','Rick Steve''s Italy 2001');
INSERT INTO Book(book_id,title) VALUES ('1573225312','Native Speaker');
INSERT INTO Book(book_id,title) VALUES ('1576572862','The Little Green Fish');
INSERT INTO Book(book_id,title) VALUES ('1576573842','Santa''s Workshop');
INSERT INTO Book(book_id,title) VALUES ('1581950098','Nabokovs Blues: The Scientific Odyssey of a Literary Genius');
INSERT INTO Book(book_id,title) VALUES ('1584500492','Game Programming Gems');
INSERT INTO Book(book_id,title) VALUES ('1586480103','My War');
INSERT INTO Book(book_id,title) VALUES ('1861003730','Beginning PHP4');
INSERT INTO Book(book_id,title) VALUES ('1864364432','In Six Days: Why 50 Scientists Choose to Believe in Creation');
INSERT INTO Book(book_id,title) VALUES ('1878529234','Chinese Furniture');
INSERT INTO Book(book_id,title) VALUES ('1884133258','C/C++ Programmer''s Bible');
INSERT INTO Book(book_id,title) VALUES ('1902618351','My TV is Alive!: Real Life Robots, Future Computers and Clones');
INSERT INTO Book(book_id,title) VALUES ('1930110006','Data Munging with Perl');
INSERT INTO Book(book_id,title) VALUES ('014051452X','The Penguin Guide to Jazz on CD, 5th Ed.');
INSERT INTO Book(book_id,title) VALUES ('020163371X','More Effective C++: 35 New Ways to Improve Your Programs and Designs');
INSERT INTO Book(book_id,title) VALUES ('020165783X','UML Distilled, Second Edition');
INSERT INTO Book(book_id,title) VALUES ('034538475X','The Tale Of The Body Thief');
INSERT INTO Book(book_id,title) VALUES ('037541164X','India Unbound');
INSERT INTO Book(book_id,title) VALUES ('038071115X','The Soul of a New Machine');
INSERT INTO Book(book_id,title) VALUES ('039914563X','The Bear and the Dragon');
INSERT INTO Book(book_id,title) VALUES ('042510107X','Red Storm Rising');
INSERT INTO Book(book_id,title) VALUES ('062593460X','Crazy Plates');
INSERT INTO Book(book_id,title) VALUES ('067100767X','Rain');
INSERT INTO Book(book_id,title) VALUES ('067944551X','Jazz: A History of American Music');
INSERT INTO Book(book_id,title) VALUES ('067976674X','Selected Stories');
INSERT INTO Book(book_id,title) VALUES ('076454621X','3D Studio Max R3');
INSERT INTO Book(book_id,title) VALUES ('083512035x','Two Years in the Melting Pot');
INSERT INTO Book(book_id,title) VALUES ('093570261x','Chemical Structure and Bonding');
INSERT INTO Book(book_id,title) VALUES ('962593460X','Sushi');
INSERT INTO Book(book_id,title) VALUES ('0195148665','Natural-Born Cyborgs: Minds, Technologies, and the Future of Human Intelligence');
INSERT INTO Book(book_id,title) VALUES ('0199291144','The Selfish Gene: 30th Anniversary edition');
INSERT INTO Book(book_id,title) VALUES ('0192860925','The Selfish Gene');

/*!40000 ALTER TABLE `book` ENABLE KEYS */;
UNLOCK TABLES;

--
-- Table structure for table `book_authors`
--

DROP TABLE IF EXISTS `book_authors`;
/*!40101 SET @saved_cs_client     = @@character_set_client */;
/*!40101 SET character_set_client = utf8 */;
CREATE TABLE `book_authors` (
  `book_id` varchar(15) NOT NULL DEFAULT '',
  `author_name` varchar(100) NOT NULL DEFAULT '',
  PRIMARY KEY (`book_id`,`author_name`),
  CONSTRAINT `book_authors_ibfk_1` FOREIGN KEY (`book_id`) REFERENCES `book` (`book_id`)
) ENGINE=InnoDB DEFAULT CHARSET=utf8;
/*!40101 SET character_set_client = @saved_cs_client */;

--
-- Dumping data for table `book_authors`
--

LOCK TABLES `book_authors` WRITE;
/*!40000 ALTER TABLE `book_authors` DISABLE KEYS */;

INSERT INTO Book_authors(book_id,author_name) VALUES ('0030059380','Douglas A. Skooq');
INSERT INTO Book_authors(book_id,author_name) VALUES ('0030303370','William Rife');
INSERT INTO Book_authors(book_id,author_name) VALUES ('0030615372','Colin M. Turnbull');
INSERT INTO Book_authors(book_id,author_name) VALUES ('0060287659','Geraldine McCaughrean');
INSERT INTO Book_authors(book_id,author_name) VALUES ('0060393645','Marilu Henner, Lorin Henner');
INSERT INTO Book_authors(book_id,author_name) VALUES ('0060930497','Kenneth R. Miller');
INSERT INTO Book_authors(book_id,author_name) VALUES ('0060959290','Colin Thubron');
INSERT INTO Book_authors(book_id,author_name) VALUES ('0070121430','Thomas H. Cormen, Charles E. Leiserson, Ronald L. Rivest');
INSERT INTO Book_authors(book_id,author_name) VALUES ('0070349096','Henry Z. Kister');
INSERT INTO Book_authors(book_id,author_name) VALUES ('0070498415','Robert H. Perry');
INSERT INTO Book_authors(book_id,author_name) VALUES ('0070571864','Gershon J. Shugar');
INSERT INTO Book_authors(book_id,author_name) VALUES ('0071354190','Peter Lane Taylor');
INSERT INTO Book_authors(book_id,author_name) VALUES ('0072127317','Blake Schwendiman');
INSERT INTO Book_authors(book_id,author_name) VALUES ('0072127481','Joel Scambray');
INSERT INTO Book_authors(book_id,author_name) VALUES ('0078823927','Herb Schildt');
INSERT INTO Book_authors(book_id,author_name) VALUES ('0078823978','Thomas Powell');
INSERT INTO Book_authors(book_id,author_name) VALUES ('0120594757','Neal G. Anderson');
INSERT INTO Book_authors(book_id,author_name) VALUES ('0120848104','Les Beletsky');
INSERT INTO Book_authors(book_id,author_name) VALUES ('0125535600','G. M. Phillips, P.J. Taylor');
INSERT INTO Book_authors(book_id,author_name) VALUES ('0130264857','Jan Fair, Sadie Bragg');
INSERT INTO Book_authors(book_id,author_name) VALUES ('0130273635','Bruce Eckel');
INSERT INTO Book_authors(book_id,author_name) VALUES ('0130819735','Jame Laudon');
INSERT INTO Book_authors(book_id,author_name) VALUES ('0134897250','Bernd Bruegge, Alan H. Dutoit');
INSERT INTO Book_authors(book_id,author_name) VALUES ('0136603904','Kip R. Irvine');
INSERT INTO Book_authors(book_id,author_name) VALUES ('0137566107','Peter Abel');
INSERT INTO Book_authors(book_id,author_name) VALUES ('0138613370','Jeffrey D. Ullman');
INSERT INTO Book_authors(book_id,author_name) VALUES ('0151004714','Claire Messud');
INSERT INTO Book_authors(book_id,author_name) VALUES ('0156007088','John Lewis');
INSERT INTO Book_authors(book_id,author_name) VALUES ('0156007754','Jose Saramago, Giovanni Pontiero');
INSERT INTO Book_authors(book_id,author_name) VALUES ('0198503652','Susan J. Blackmore');
INSERT INTO Book_authors(book_id,author_name) VALUES ('0201379260','Nicolai M. Josuttis');
INSERT INTO Book_authors(book_id,author_name) VALUES ('0201612585','Rajshekhar Sunderraman');
INSERT INTO Book_authors(book_id,author_name) VALUES ('0201615622','Herb Sutter');
INSERT INTO Book_authors(book_id,author_name) VALUES ('0201615711','Lincoln D. Stein');
INSERT INTO Book_authors(book_id,author_name) VALUES ('0201634422','S. Keshav');
INSERT INTO Book_authors(book_id,author_name) VALUES ('0201700735','Bjarne Stroustrup');
INSERT INTO Book_authors(book_id,author_name) VALUES ('0201709287','C.J. Date, Hugh Darwen');
INSERT INTO Book_authors(book_id,author_name) VALUES ('0256228779','Gilbert Churchill, Paul Petter');
INSERT INTO Book_authors(book_id,author_name) VALUES ('0262041642','Marco Dorigo, Marco Colombetti');
INSERT INTO Book_authors(book_id,author_name) VALUES ('0262133822','Faith D. Aluisio');
INSERT INTO Book_authors(book_id,author_name) VALUES ('0262181916','Santiago Ramon y Cajal');
INSERT INTO Book_authors(book_id,author_name) VALUES ('0312135033','Carolly Erickson');
INSERT INTO Book_authors(book_id,author_name) VALUES ('0312965095','Kathleen Kane');
INSERT INTO Book_authors(book_id,author_name) VALUES ('0314129499','Welch Gruhlt');
INSERT INTO Book_authors(book_id,author_name) VALUES ('0316154075','Michael Connelly');
INSERT INTO Book_authors(book_id,author_name) VALUES ('0316695262','George P. Pelecanos');
INSERT INTO Book_authors(book_id,author_name) VALUES ('0316769487','J.D. Salinger');
INSERT INTO Book_authors(book_id,author_name) VALUES ('0345298063','Robert K. Massie');
INSERT INTO Book_authors(book_id,author_name) VALUES ('0345313860','Anne Rice');
INSERT INTO Book_authors(book_id,author_name) VALUES ('0345337662','Anne Rice');
INSERT INTO Book_authors(book_id,author_name) VALUES ('0345350499','Marion Zimmer Bradley');
INSERT INTO Book_authors(book_id,author_name) VALUES ('0345370775','Michael Crichton');
INSERT INTO Book_authors(book_id,author_name) VALUES ('0345377648','Anne Rice');
INSERT INTO Book_authors(book_id,author_name) VALUES ('0345384466','Anne Rice');
INSERT INTO Book_authors(book_id,author_name) VALUES ('0345417623','Michael Crichton');
INSERT INTO Book_authors(book_id,author_name) VALUES ('0345419758','Mass Market');
INSERT INTO Book_authors(book_id,author_name) VALUES ('0345438310','Robert K. Massie');
INSERT INTO Book_authors(book_id,author_name) VALUES ('0374141231','Ian Wilmut, Colin Tudge, Keith Campbell');
INSERT INTO Book_authors(book_id,author_name) VALUES ('0375400818','Robert Kimball');
INSERT INTO Book_authors(book_id,author_name) VALUES ('0375502025','Tom Brokaw');
INSERT INTO Book_authors(book_id,author_name) VALUES ('0375810609','Jean De Brunhoff');
INSERT INTO Book_authors(book_id,author_name) VALUES ('0385326653','David Almond');
INSERT INTO Book_authors(book_id,author_name) VALUES ('0385479565','Richard Preston');
INSERT INTO Book_authors(book_id,author_name) VALUES ('0387987010','Peter Douglas Ward');
INSERT INTO Book_authors(book_id,author_name) VALUES ('0393314251','Stephen Jay Gould');
INSERT INTO Book_authors(book_id,author_name) VALUES ('0393316009','Andrea Barrett');
INSERT INTO Book_authors(book_id,author_name) VALUES ('0395851580','James Marshall');
INSERT INTO Book_authors(book_id,author_name) VALUES ('0399146652','Lilian Jackson Braun');
INSERT INTO Book_authors(book_id,author_name) VALUES ('0399147020','Nevada Barr');
INSERT INTO Book_authors(book_id,author_name) VALUES ('0399501487','Golding, William Gerald');
INSERT INTO Book_authors(book_id,author_name) VALUES ('0425133540','Tom Clancy');
INSERT INTO Book_authors(book_id,author_name) VALUES ('0425143325','Tom Clancy');
INSERT INTO Book_authors(book_id,author_name) VALUES ('0425147584','Tom Clancy');
INSERT INTO Book_authors(book_id,author_name) VALUES ('0439064864','J. K. Rowling');
INSERT INTO Book_authors(book_id,author_name) VALUES ('0439139597','J. K. Rowling');
INSERT INTO Book_authors(book_id,author_name) VALUES ('0439136350','J. K. Rowling');
INSERT INTO Book_authors(book_id,author_name) VALUES ('0440413729','Ruth White');
INSERT INTO Book_authors(book_id,author_name) VALUES ('0446310783','Harper Lee');
INSERT INTO Book_authors(book_id,author_name) VALUES ('0449202496','Erich Maria Remarque');
INSERT INTO Book_authors(book_id,author_name) VALUES ('0449911942','John Updike');
INSERT INTO Book_authors(book_id,author_name) VALUES ('0452272971','Sebastien Japrisot, Linda Coverdale');
INSERT INTO Book_authors(book_id,author_name) VALUES ('0465041752','Frans de Waal');
INSERT INTO Book_authors(book_id,author_name) VALUES ('0471105597','David Halliday, Robert Resnick, Jearl Walker');
INSERT INTO Book_authors(book_id,author_name) VALUES ('0471135615','Robert Zubrin');
INSERT INTO Book_authors(book_id,author_name) VALUES ('0471169196','Kimmel Weygandt');
INSERT INTO Book_authors(book_id,author_name) VALUES ('0471534781','Richard M. Felder');
INSERT INTO Book_authors(book_id,author_name) VALUES ('0471587192','Saturnino L. Salas, Garret J. Etgen, Einar Hille');
INSERT INTO Book_authors(book_id,author_name) VALUES ('0471597619','Gary D. Christian');
INSERT INTO Book_authors(book_id,author_name) VALUES ('0505523078','Ann Lawrence');
INSERT INTO Book_authors(book_id,author_name) VALUES ('0517707950','Laura Esquivel');
INSERT INTO Book_authors(book_id,author_name) VALUES ('0528838180','Ran McNally');
INSERT INTO Book_authors(book_id,author_name) VALUES ('0531164497','Ann O. Squire');
INSERT INTO Book_authors(book_id,author_name) VALUES ('0534368018','Gary J. Bronson');
INSERT INTO Book_authors(book_id,author_name) VALUES ('0534944469','Susanna S. Epp');
INSERT INTO Book_authors(book_id,author_name) VALUES ('0553102370','Michael Crichton');
INSERT INTO Book_authors(book_id,author_name) VALUES ('0553283936','Frederick Forsyth');
INSERT INTO Book_authors(book_id,author_name) VALUES ('0553575538','Kay Hooper');
INSERT INTO Book_authors(book_id,author_name) VALUES ('0553577476','Leslie Lafoy');
INSERT INTO Book_authors(book_id,author_name) VALUES ('0590262540','K. A. Applegate');
INSERT INTO Book_authors(book_id,author_name) VALUES ('0590494368','K. A. Applegate');
INSERT INTO Book_authors(book_id,author_name) VALUES ('0590494414','K. A. Applegate');
INSERT INTO Book_authors(book_id,author_name) VALUES ('0590496379','K. A. Applegate');
INSERT INTO Book_authors(book_id,author_name) VALUES ('0590956159','K. A. Applegate');
INSERT INTO Book_authors(book_id,author_name) VALUES ('0596000278','Larry Wall, Tom Christiansen, Jon Orwant');
INSERT INTO Book_authors(book_id,author_name) VALUES ('0609607995','Edwin Black');
INSERT INTO Book_authors(book_id,author_name) VALUES ('0618056777','Jane Goodall');
INSERT INTO Book_authors(book_id,author_name) VALUES ('0669076791','James Wilson');
INSERT INTO Book_authors(book_id,author_name) VALUES ('0671032658','Stephen King');
INSERT INTO Book_authors(book_id,author_name) VALUES ('0671047310','Vince Flynn');
INSERT INTO Book_authors(book_id,author_name) VALUES ('0671880756','Thomas Hoving');
INSERT INTO Book_authors(book_id,author_name) VALUES ('6072314800','Dave Taylor, James C. Armstrong');
INSERT INTO Book_authors(book_id,author_name) VALUES ('0672319241','Sterling Hughes, Andrei Zmievski');
INSERT INTO Book_authors(book_id,author_name) VALUES ('0674003306','Robert Service');
INSERT INTO Book_authors(book_id,author_name) VALUES ('0684801523','F. Scott Fitzgerald');
INSERT INTO Book_authors(book_id,author_name) VALUES ('0684818701','Maria D. Guarnaschelli');
INSERT INTO Book_authors(book_id,author_name) VALUES ('0684856093','Sean Covey');
INSERT INTO Book_authors(book_id,author_name) VALUES ('0684869519','Wendy Orange');
INSERT INTO Book_authors(book_id,author_name) VALUES ('0688069711','Gary Selden');
INSERT INTO Book_authors(book_id,author_name) VALUES ('0688127371','James A. Peterson');
INSERT INTO Book_authors(book_id,author_name) VALUES ('0688160999','Janine M. Benyus');
INSERT INTO Book_authors(book_id,author_name) VALUES ('0688161995','Chris Schlesinger');
INSERT INTO Book_authors(book_id,author_name) VALUES ('0688163165','Dennis Lehane');
INSERT INTO Book_authors(book_id,author_name) VALUES ('0689813813','Patricia Mullins');
INSERT INTO Book_authors(book_id,author_name) VALUES ('0689829418','Preiss-Glasser');
INSERT INTO Book_authors(book_id,author_name) VALUES ('0689829531','Ian Falconer');
INSERT INTO Book_authors(book_id,author_name) VALUES ('0689836015','E. L. Konigsburg');
INSERT INTO Book_authors(book_id,author_name) VALUES ('0716736381','Niles Eldredge');
INSERT INTO Book_authors(book_id,author_name) VALUES ('0737800033','John H. Johnson');
INSERT INTO Book_authors(book_id,author_name) VALUES ('0738201960','Christopher Wills');
INSERT INTO Book_authors(book_id,author_name) VALUES ('0738204374','Steven M. Wise');
INSERT INTO Book_authors(book_id,author_name) VALUES ('0743202104','Irma S. Rombauer, Ethan Becker, Marion Becker');
INSERT INTO Book_authors(book_id,author_name) VALUES ('0743215052','John Le Carre');
INSERT INTO Book_authors(book_id,author_name) VALUES ('0750650869','David Howe');
INSERT INTO Book_authors(book_id,author_name) VALUES ('0760049254','Philip Pratt');
INSERT INTO Book_authors(book_id,author_name) VALUES ('0761117199','Ann Byin, Anthony Loew');
INSERT INTO Book_authors(book_id,author_name) VALUES ('0764547161','Tim Converse, Joyce Park');
INSERT INTO Book_authors(book_id,author_name) VALUES ('0767903854','Bill Bryson');
INSERT INTO Book_authors(book_id,author_name) VALUES ('0789305003','Los Angeles County Museum of Art');
INSERT INTO Book_authors(book_id,author_name) VALUES ('0789404257','Various');
INSERT INTO Book_authors(book_id,author_name) VALUES ('0792393651','Jonalthan H. Connell, Sridhar Mahadevan (Editor)');
INSERT INTO Book_authors(book_id,author_name) VALUES ('0805057579','Thomas A. Bass');
INSERT INTO Book_authors(book_id,author_name) VALUES ('0805317554','Ramez Elmasri, Shamkant Navathe');
INSERT INTO Book_authors(book_id,author_name) VALUES ('0807825859','Ann Hawthorne');
INSERT INTO Book_authors(book_id,author_name) VALUES ('0809299674','Adrian Wood');
INSERT INTO Book_authors(book_id,author_name) VALUES ('0810936852','Peter H Hassrick');
INSERT INTO Book_authors(book_id,author_name) VALUES ('0810961695','Edward Steichen');
INSERT INTO Book_authors(book_id,author_name) VALUES ('0811213668','W. G. Sebald, Michael Hulse');
INSERT INTO Book_authors(book_id,author_name) VALUES ('0811716937','Jerry Predika');
INSERT INTO Book_authors(book_id,author_name) VALUES ('0811826848','The Beatles');
INSERT INTO Book_authors(book_id,author_name) VALUES ('0812093119','Martin Sternstein');
INSERT INTO Book_authors(book_id,author_name) VALUES ('0812520610','Brian Lumley');
INSERT INTO Book_authors(book_id,author_name) VALUES ('0812520629','Brian Lumley');
INSERT INTO Book_authors(book_id,author_name) VALUES ('0813527406','Iris Fry');
INSERT INTO Book_authors(book_id,author_name) VALUES ('0821762559','Quinn Taylor Evans');
INSERT INTO Book_authors(book_id,author_name) VALUES ('0838479022','Elizabeth Byleen');
INSERT INTO Book_authors(book_id,author_name) VALUES ('0849323754','Hooman H. Rashidi');
INSERT INTO Book_authors(book_id,author_name) VALUES ('0850668093','Mansour Rahimi (Editor), Waldemar Karwowski (Editor)');
INSERT INTO Book_authors(book_id,author_name) VALUES ('0864426429','Kim Grant');
INSERT INTO Book_authors(book_id,author_name) VALUES ('0870212850','Tom Clancy');
INSERT INTO Book_authors(book_id,author_name) VALUES ('0874779758','Robert Zubrin');
INSERT INTO Book_authors(book_id,author_name) VALUES ('0882664778','Charles G. Reavis');
INSERT INTO Book_authors(book_id,author_name) VALUES ('0887251714','Jim Cottrell');
INSERT INTO Book_authors(book_id,author_name) VALUES ('0910146691','Allen DE Hart');
INSERT INTO Book_authors(book_id,author_name) VALUES ('0911625291','Steve Eckols');
INSERT INTO Book_authors(book_id,author_name) VALUES ('0911625453','Doug Lowe');
INSERT INTO Book_authors(book_id,author_name) VALUES ('0911625593','Steve Eckols');
INSERT INTO Book_authors(book_id,author_name) VALUES ('0911625607','Doug Lowe');
INSERT INTO Book_authors(book_id,author_name) VALUES ('0911625852','Doug Lowe');
INSERT INTO Book_authors(book_id,author_name) VALUES ('0932813739','David Hatcher Childress');
INSERT INTO Book_authors(book_id,author_name) VALUES ('0935039031','Michael Brown');
INSERT INTO Book_authors(book_id,author_name) VALUES ('0935112510','Clarke, Greg');
INSERT INTO Book_authors(book_id,author_name) VALUES ('0936184388','Carl Tremblay');
INSERT INTO Book_authors(book_id,author_name) VALUES ('0961470151','Mark Levine');
INSERT INTO Book_authors(book_id,author_name) VALUES ('0961549890','Lenore W. Horowitz');
INSERT INTO Book_authors(book_id,author_name) VALUES ('0962477060','Bill Edwards');
INSERT INTO Book_authors(book_id,author_name) VALUES ('0966625307','Toni Polancy');
INSERT INTO Book_authors(book_id,author_name) VALUES ('0967174805','Carl R. Sam, Jean Stoick');
INSERT INTO Book_authors(book_id,author_name) VALUES ('0967697603','Mercedes Lee');
INSERT INTO Book_authors(book_id,author_name) VALUES ('1552047210','James Herriot');
INSERT INTO Book_authors(book_id,author_name) VALUES ('1557044287','Ridley Scott');
INSERT INTO Book_authors(book_id,author_name) VALUES ('1565922840','Randal Schwartz, Tom Christiansen, Larry Wall');
INSERT INTO Book_authors(book_id,author_name) VALUES ('1565926099','David Blank-Edelman');
INSERT INTO Book_authors(book_id,author_name) VALUES ('1565926269','Steven Roman');
INSERT INTO Book_authors(book_id,author_name) VALUES ('1565927699','Rasmus Lerdorf');
INSERT INTO Book_authors(book_id,author_name) VALUES ('1566912296','Rick Steves');
INSERT INTO Book_authors(book_id,author_name) VALUES ('1573225312','Chang-Rae Lee');
INSERT INTO Book_authors(book_id,author_name) VALUES ('1576572862','Nancy Parent');
INSERT INTO Book_authors(book_id,author_name) VALUES ('1576573842','Nancy Parent');
INSERT INTO Book_authors(book_id,author_name) VALUES ('1581950098','Kurt Johnson, Steven L. Coates');
INSERT INTO Book_authors(book_id,author_name) VALUES ('1584500492','DeLoura, Mark');
INSERT INTO Book_authors(book_id,author_name) VALUES ('1586480103','Andy Rooney, Tom Brokaw');
INSERT INTO Book_authors(book_id,author_name) VALUES ('1861003730','Chris Lea, Wankyu Choi, Allan Kent, Ganesh Prasad, Chris Ullman');
INSERT INTO Book_authors(book_id,author_name) VALUES ('1864364432','John Ashton');
INSERT INTO Book_authors(book_id,author_name) VALUES ('1878529234','Craig Clunas');
INSERT INTO Book_authors(book_id,author_name) VALUES ('1884133258','Jamsa Klander');
INSERT INTO Book_authors(book_id,author_name) VALUES ('1902618351','Mei Lim (Illustrator)');
INSERT INTO Book_authors(book_id,author_name) VALUES ('1930110006','David Cross');
INSERT INTO Book_authors(book_id,author_name) VALUES ('014051452X','Richard Cook');
INSERT INTO Book_authors(book_id,author_name) VALUES ('020163371X','Scott Meyers');
INSERT INTO Book_authors(book_id,author_name) VALUES ('020165783X','Martin Fowler, Kendall Scott');
INSERT INTO Book_authors(book_id,author_name) VALUES ('034538475X','Anne Rice');
INSERT INTO Book_authors(book_id,author_name) VALUES ('037541164X','Gurcharan Das');
INSERT INTO Book_authors(book_id,author_name) VALUES ('038071115X','Tracy Kidder');
INSERT INTO Book_authors(book_id,author_name) VALUES ('039914563X','Tom Clancy');
INSERT INTO Book_authors(book_id,author_name) VALUES ('042510107X','Tom Clancy');
INSERT INTO Book_authors(book_id,author_name) VALUES ('062593460X','Janet Podleski, Greta Podleski, Ted Martin');
INSERT INTO Book_authors(book_id,author_name) VALUES ('067100767X','V.C. Andrews');
INSERT INTO Book_authors(book_id,author_name) VALUES ('067944551X','Geoffrey C. Ward');
INSERT INTO Book_authors(book_id,author_name) VALUES ('067976674X','Alice Munro');
INSERT INTO Book_authors(book_id,author_name) VALUES ('076454621X','Kelly L. Murdock');
INSERT INTO Book_authors(book_id,author_name) VALUES ('083512035x','Liu Zongen');
INSERT INTO Book_authors(book_id,author_name) VALUES ('093570261x','Roger L. Dekock');
INSERT INTO Book_authors(book_id,author_name) VALUES ('962593460X','Ryuichi Yoshii');
INSERT INTO Book_authors(book_id,author_name) VALUES ('0195148665','Andy Clark');
INSERT INTO Book_authors(book_id,author_name) VALUES ('0199291144','Richard Dawkins');
INSERT INTO Book_authors(book_id,author_name) VALUES ('0192860925','Richard Dawkins');

/*!40000 ALTER TABLE `book_authors` ENABLE KEYS */;
UNLOCK TABLES;

--
-- Table structure for table `book_copies`
--

DROP TABLE IF EXISTS `book_copies`;
/*!40101 SET @saved_cs_client     = @@character_set_client */;
/*!40101 SET character_set_client = utf8 */;
CREATE TABLE `book_copies` (
  `book_id` varchar(15) NOT NULL DEFAULT '',
  `branch_id` int(5) NOT NULL DEFAULT '0',
  `no_of_copies` int(5) DEFAULT NULL,
  PRIMARY KEY (`book_id`,`branch_id`),
  KEY `branch_id` (`branch_id`),
  CONSTRAINT `book_copies_ibfk_1` FOREIGN KEY (`book_id`) REFERENCES `book` (`book_id`),
  CONSTRAINT `book_copies_ibfk_2` FOREIGN KEY (`branch_id`) REFERENCES `library_branch` (`branch_id`)
) ENGINE=InnoDB DEFAULT CHARSET=utf8;
/*!40101 SET character_set_client = @saved_cs_client */;

--
-- Dumping data for table `book_copies`
--

LOCK TABLES `book_copies` WRITE;
/*!40000 ALTER TABLE `book_copies` DISABLE KEYS */;

INSERT INTO Book_copies(book_id,branch_id,no_of_copies) VALUES ('0967697603','1','0');
INSERT INTO Book_copies(book_id,branch_id,no_of_copies) VALUES ('0967697603','2','1');
INSERT INTO Book_copies(book_id,branch_id,no_of_copies) VALUES ('0967697603','3','4');
INSERT INTO Book_copies(book_id,branch_id,no_of_copies) VALUES ('0967697603','4','3');
INSERT INTO Book_copies(book_id,branch_id,no_of_copies) VALUES ('0967697603','5','0');
INSERT INTO Book_copies(book_id,branch_id,no_of_copies) VALUES ('0375810609','1','2');
INSERT INTO Book_copies(book_id,branch_id,no_of_copies) VALUES ('0375810609','2','1');
INSERT INTO Book_copies(book_id,branch_id,no_of_copies) VALUES ('0375810609','3','1');
INSERT INTO Book_copies(book_id,branch_id,no_of_copies) VALUES ('0375810609','4','1');
INSERT INTO Book_copies(book_id,branch_id,no_of_copies) VALUES ('0375810609','5','2');
INSERT INTO Book_copies(book_id,branch_id,no_of_copies) VALUES ('0201612585','1','0');
INSERT INTO Book_copies(book_id,branch_id,no_of_copies) VALUES ('0201612585','2','3');
INSERT INTO Book_copies(book_id,branch_id,no_of_copies) VALUES ('0201612585','3','1');
INSERT INTO Book_copies(book_id,branch_id,no_of_copies) VALUES ('0201612585','4','4');
INSERT INTO Book_copies(book_id,branch_id,no_of_copies) VALUES ('0201612585','5','4');
INSERT INTO Book_copies(book_id,branch_id,no_of_copies) VALUES ('1861003730','1','4');
INSERT INTO Book_copies(book_id,branch_id,no_of_copies) VALUES ('1861003730','2','4');
INSERT INTO Book_copies(book_id,branch_id,no_of_copies) VALUES ('1861003730','3','2');
INSERT INTO Book_copies(book_id,branch_id,no_of_copies) VALUES ('1861003730','4','4');
INSERT INTO Book_copies(book_id,branch_id,no_of_copies) VALUES ('1861003730','5','2');
INSERT INTO Book_copies(book_id,branch_id,no_of_copies) VALUES ('1565927699','1','0');
INSERT INTO Book_copies(book_id,branch_id,no_of_copies) VALUES ('1565927699','2','0');
INSERT INTO Book_copies(book_id,branch_id,no_of_copies) VALUES ('1565927699','3','4');
INSERT INTO Book_copies(book_id,branch_id,no_of_copies) VALUES ('1565927699','4','4');
INSERT INTO Book_copies(book_id,branch_id,no_of_copies) VALUES ('1565927699','5','0');
INSERT INTO Book_copies(book_id,branch_id,no_of_copies) VALUES ('076454621X','1','3');
INSERT INTO Book_copies(book_id,branch_id,no_of_copies) VALUES ('076454621X','2','3');
INSERT INTO Book_copies(book_id,branch_id,no_of_copies) VALUES ('076454621X','3','3');
INSERT INTO Book_copies(book_id,branch_id,no_of_copies) VALUES ('076454621X','4','2');
INSERT INTO Book_copies(book_id,branch_id,no_of_copies) VALUES ('076454621X','5','2');
INSERT INTO Book_copies(book_id,branch_id,no_of_copies) VALUES ('0805317554','1','4');
INSERT INTO Book_copies(book_id,branch_id,no_of_copies) VALUES ('0805317554','2','1');
INSERT INTO Book_copies(book_id,branch_id,no_of_copies) VALUES ('0805317554','3','1');
INSERT INTO Book_copies(book_id,branch_id,no_of_copies) VALUES ('0805317554','4','1');
INSERT INTO Book_copies(book_id,branch_id,no_of_copies) VALUES ('0805317554','5','1');
INSERT INTO Book_copies(book_id,branch_id,no_of_copies) VALUES ('0935112510','1','1');
INSERT INTO Book_copies(book_id,branch_id,no_of_copies) VALUES ('0935112510','2','2');
INSERT INTO Book_copies(book_id,branch_id,no_of_copies) VALUES ('0935112510','3','4');
INSERT INTO Book_copies(book_id,branch_id,no_of_copies) VALUES ('0935112510','4','0');
INSERT INTO Book_copies(book_id,branch_id,no_of_copies) VALUES ('0935112510','5','3');
INSERT INTO Book_copies(book_id,branch_id,no_of_copies) VALUES ('039914563X','1','4');
INSERT INTO Book_copies(book_id,branch_id,no_of_copies) VALUES ('039914563X','2','3');
INSERT INTO Book_copies(book_id,branch_id,no_of_copies) VALUES ('039914563X','3','2');
INSERT INTO Book_copies(book_id,branch_id,no_of_copies) VALUES ('039914563X','4','3');
INSERT INTO Book_copies(book_id,branch_id,no_of_copies) VALUES ('039914563X','5','2');
INSERT INTO Book_copies(book_id,branch_id,no_of_copies) VALUES ('0137566107','1','3');
INSERT INTO Book_copies(book_id,branch_id,no_of_copies) VALUES ('0137566107','2','4');
INSERT INTO Book_copies(book_id,branch_id,no_of_copies) VALUES ('0137566107','3','1');
INSERT INTO Book_copies(book_id,branch_id,no_of_copies) VALUES ('0137566107','4','1');
INSERT INTO Book_copies(book_id,branch_id,no_of_copies) VALUES ('0137566107','5','4');
INSERT INTO Book_copies(book_id,branch_id,no_of_copies) VALUES ('0812520610','1','2');
INSERT INTO Book_copies(book_id,branch_id,no_of_copies) VALUES ('0812520610','2','3');
INSERT INTO Book_copies(book_id,branch_id,no_of_copies) VALUES ('0812520610','3','2');
INSERT INTO Book_copies(book_id,branch_id,no_of_copies) VALUES ('0812520610','4','2');
INSERT INTO Book_copies(book_id,branch_id,no_of_copies) VALUES ('0812520610','5','0');
INSERT INTO Book_copies(book_id,branch_id,no_of_copies) VALUES ('0385479565','1','4');
INSERT INTO Book_copies(book_id,branch_id,no_of_copies) VALUES ('0385479565','2','0');
INSERT INTO Book_copies(book_id,branch_id,no_of_copies) VALUES ('0385479565','3','2');
INSERT INTO Book_copies(book_id,branch_id,no_of_copies) VALUES ('0385479565','4','2');
INSERT INTO Book_copies(book_id,branch_id,no_of_copies) VALUES ('0385479565','5','4');
INSERT INTO Book_copies(book_id,branch_id,no_of_copies) VALUES ('0805057579','1','1');
INSERT INTO Book_copies(book_id,branch_id,no_of_copies) VALUES ('0805057579','2','4');
INSERT INTO Book_copies(book_id,branch_id,no_of_copies) VALUES ('0805057579','3','2');
INSERT INTO Book_copies(book_id,branch_id,no_of_copies) VALUES ('0805057579','4','0');
INSERT INTO Book_copies(book_id,branch_id,no_of_copies) VALUES ('0805057579','5','0');
INSERT INTO Book_copies(book_id,branch_id,no_of_copies) VALUES ('0935039031','1','2');
INSERT INTO Book_copies(book_id,branch_id,no_of_copies) VALUES ('0935039031','2','4');
INSERT INTO Book_copies(book_id,branch_id,no_of_copies) VALUES ('0935039031','3','4');
INSERT INTO Book_copies(book_id,branch_id,no_of_copies) VALUES ('0935039031','4','0');
INSERT INTO Book_copies(book_id,branch_id,no_of_copies) VALUES ('0935039031','5','0');
INSERT INTO Book_copies(book_id,branch_id,no_of_copies) VALUES ('0452272971','1','0');
INSERT INTO Book_copies(book_id,branch_id,no_of_copies) VALUES ('0452272971','2','1');
INSERT INTO Book_copies(book_id,branch_id,no_of_copies) VALUES ('0452272971','3','0');
INSERT INTO Book_copies(book_id,branch_id,no_of_copies) VALUES ('0452272971','4','2');
INSERT INTO Book_copies(book_id,branch_id,no_of_copies) VALUES ('0452272971','5','2');
INSERT INTO Book_copies(book_id,branch_id,no_of_copies) VALUES ('0151004714','1','4');
INSERT INTO Book_copies(book_id,branch_id,no_of_copies) VALUES ('0151004714','2','3');
INSERT INTO Book_copies(book_id,branch_id,no_of_copies) VALUES ('0151004714','3','1');
INSERT INTO Book_copies(book_id,branch_id,no_of_copies) VALUES ('0151004714','4','0');
INSERT INTO Book_copies(book_id,branch_id,no_of_copies) VALUES ('0151004714','5','1');
INSERT INTO Book_copies(book_id,branch_id,no_of_copies) VALUES ('0393314251','1','0');
INSERT INTO Book_copies(book_id,branch_id,no_of_copies) VALUES ('0393314251','2','1');
INSERT INTO Book_copies(book_id,branch_id,no_of_copies) VALUES ('0393314251','3','3');
INSERT INTO Book_copies(book_id,branch_id,no_of_copies) VALUES ('0393314251','4','2');
INSERT INTO Book_copies(book_id,branch_id,no_of_copies) VALUES ('0393314251','5','4');
INSERT INTO Book_copies(book_id,branch_id,no_of_copies) VALUES ('0811716937','1','3');
INSERT INTO Book_copies(book_id,branch_id,no_of_copies) VALUES ('0811716937','2','2');
INSERT INTO Book_copies(book_id,branch_id,no_of_copies) VALUES ('0811716937','3','2');
INSERT INTO Book_copies(book_id,branch_id,no_of_copies) VALUES ('0811716937','4','3');
INSERT INTO Book_copies(book_id,branch_id,no_of_copies) VALUES ('0811716937','5','3');
INSERT INTO Book_copies(book_id,branch_id,no_of_copies) VALUES ('0471534781','1','4');
INSERT INTO Book_copies(book_id,branch_id,no_of_copies) VALUES ('0471534781','2','0');
INSERT INTO Book_copies(book_id,branch_id,no_of_copies) VALUES ('0471534781','3','4');
INSERT INTO Book_copies(book_id,branch_id,no_of_copies) VALUES ('0471534781','4','0');
INSERT INTO Book_copies(book_id,branch_id,no_of_copies) VALUES ('0471534781','5','0');
INSERT INTO Book_copies(book_id,branch_id,no_of_copies) VALUES ('0688163165','1','0');
INSERT INTO Book_copies(book_id,branch_id,no_of_copies) VALUES ('0688163165','2','2');
INSERT INTO Book_copies(book_id,branch_id,no_of_copies) VALUES ('0688163165','3','4');
INSERT INTO Book_copies(book_id,branch_id,no_of_copies) VALUES ('0688163165','4','1');
INSERT INTO Book_copies(book_id,branch_id,no_of_copies) VALUES ('0688163165','5','1');
INSERT INTO Book_copies(book_id,branch_id,no_of_copies) VALUES ('0316154075','1','4');
INSERT INTO Book_copies(book_id,branch_id,no_of_copies) VALUES ('0316154075','2','1');
INSERT INTO Book_copies(book_id,branch_id,no_of_copies) VALUES ('0316154075','3','4');
INSERT INTO Book_copies(book_id,branch_id,no_of_copies) VALUES ('0316154075','4','4');
INSERT INTO Book_copies(book_id,branch_id,no_of_copies) VALUES ('0316154075','5','1');
INSERT INTO Book_copies(book_id,branch_id,no_of_copies) VALUES ('0471135615','1','4');
INSERT INTO Book_copies(book_id,branch_id,no_of_copies) VALUES ('0471135615','2','1');
INSERT INTO Book_copies(book_id,branch_id,no_of_copies) VALUES ('0471135615','3','3');
INSERT INTO Book_copies(book_id,branch_id,no_of_copies) VALUES ('0471135615','4','4');
INSERT INTO Book_copies(book_id,branch_id,no_of_copies) VALUES ('0471135615','5','3');
INSERT INTO Book_copies(book_id,branch_id,no_of_copies) VALUES ('0125535600','1','0');
INSERT INTO Book_copies(book_id,branch_id,no_of_copies) VALUES ('0125535600','2','4');
INSERT INTO Book_copies(book_id,branch_id,no_of_copies) VALUES ('0125535600','3','2');
INSERT INTO Book_copies(book_id,branch_id,no_of_copies) VALUES ('0125535600','4','3');
INSERT INTO Book_copies(book_id,branch_id,no_of_copies) VALUES ('0125535600','5','2');
INSERT INTO Book_copies(book_id,branch_id,no_of_copies) VALUES ('0156007088','1','3');
INSERT INTO Book_copies(book_id,branch_id,no_of_copies) VALUES ('0156007088','2','1');
INSERT INTO Book_copies(book_id,branch_id,no_of_copies) VALUES ('0156007088','3','3');
INSERT INTO Book_copies(book_id,branch_id,no_of_copies) VALUES ('0156007088','4','2');
INSERT INTO Book_copies(book_id,branch_id,no_of_copies) VALUES ('0156007088','5','1');
INSERT INTO Book_copies(book_id,branch_id,no_of_copies) VALUES ('0345370775','1','1');
INSERT INTO Book_copies(book_id,branch_id,no_of_copies) VALUES ('0345370775','2','4');
INSERT INTO Book_copies(book_id,branch_id,no_of_copies) VALUES ('0345370775','3','3');
INSERT INTO Book_copies(book_id,branch_id,no_of_copies) VALUES ('0345370775','4','4');
INSERT INTO Book_copies(book_id,branch_id,no_of_copies) VALUES ('0345370775','5','4');
INSERT INTO Book_copies(book_id,branch_id,no_of_copies) VALUES ('0375502025','1','1');
INSERT INTO Book_copies(book_id,branch_id,no_of_copies) VALUES ('0375502025','2','2');
INSERT INTO Book_copies(book_id,branch_id,no_of_copies) VALUES ('0375502025','3','2');
INSERT INTO Book_copies(book_id,branch_id,no_of_copies) VALUES ('0375502025','4','0');
INSERT INTO Book_copies(book_id,branch_id,no_of_copies) VALUES ('0375502025','5','3');
INSERT INTO Book_copies(book_id,branch_id,no_of_copies) VALUES ('0440413729','1','1');
INSERT INTO Book_copies(book_id,branch_id,no_of_copies) VALUES ('0440413729','2','0');
INSERT INTO Book_copies(book_id,branch_id,no_of_copies) VALUES ('0440413729','3','3');
INSERT INTO Book_copies(book_id,branch_id,no_of_copies) VALUES ('0440413729','4','3');
INSERT INTO Book_copies(book_id,branch_id,no_of_copies) VALUES ('0440413729','5','4');
INSERT INTO Book_copies(book_id,branch_id,no_of_copies) VALUES ('0072127481','1','2');
INSERT INTO Book_copies(book_id,branch_id,no_of_copies) VALUES ('0072127481','2','4');
INSERT INTO Book_copies(book_id,branch_id,no_of_copies) VALUES ('0072127481','3','4');
INSERT INTO Book_copies(book_id,branch_id,no_of_copies) VALUES ('0072127481','4','1');
INSERT INTO Book_copies(book_id,branch_id,no_of_copies) VALUES ('0072127481','5','0');
INSERT INTO Book_copies(book_id,branch_id,no_of_copies) VALUES ('0201379260','1','3');
INSERT INTO Book_copies(book_id,branch_id,no_of_copies) VALUES ('0201379260','2','2');
INSERT INTO Book_copies(book_id,branch_id,no_of_copies) VALUES ('0201379260','3','1');
INSERT INTO Book_copies(book_id,branch_id,no_of_copies) VALUES ('0201379260','4','1');
INSERT INTO Book_copies(book_id,branch_id,no_of_copies) VALUES ('0201379260','5','1');
INSERT INTO Book_copies(book_id,branch_id,no_of_copies) VALUES ('0738201960','1','2');
INSERT INTO Book_copies(book_id,branch_id,no_of_copies) VALUES ('0738201960','2','1');
INSERT INTO Book_copies(book_id,branch_id,no_of_copies) VALUES ('0738201960','3','3');
INSERT INTO Book_copies(book_id,branch_id,no_of_copies) VALUES ('0738201960','4','2');
INSERT INTO Book_copies(book_id,branch_id,no_of_copies) VALUES ('0738201960','5','1');
INSERT INTO Book_copies(book_id,branch_id,no_of_copies) VALUES ('0374141231','1','3');
INSERT INTO Book_copies(book_id,branch_id,no_of_copies) VALUES ('0374141231','2','1');
INSERT INTO Book_copies(book_id,branch_id,no_of_copies) VALUES ('0374141231','3','4');
INSERT INTO Book_copies(book_id,branch_id,no_of_copies) VALUES ('0374141231','4','4');
INSERT INTO Book_copies(book_id,branch_id,no_of_copies) VALUES ('0374141231','5','4');
INSERT INTO Book_copies(book_id,branch_id,no_of_copies) VALUES ('0882664778','1','2');
INSERT INTO Book_copies(book_id,branch_id,no_of_copies) VALUES ('0882664778','2','1');
INSERT INTO Book_copies(book_id,branch_id,no_of_copies) VALUES ('0882664778','3','3');
INSERT INTO Book_copies(book_id,branch_id,no_of_copies) VALUES ('0882664778','4','0');
INSERT INTO Book_copies(book_id,branch_id,no_of_copies) VALUES ('0882664778','5','2');
INSERT INTO Book_copies(book_id,branch_id,no_of_copies) VALUES ('0345350499','1','3');
INSERT INTO Book_copies(book_id,branch_id,no_of_copies) VALUES ('0345350499','2','1');
INSERT INTO Book_copies(book_id,branch_id,no_of_copies) VALUES ('0345350499','3','4');
INSERT INTO Book_copies(book_id,branch_id,no_of_copies) VALUES ('0345350499','4','3');
INSERT INTO Book_copies(book_id,branch_id,no_of_copies) VALUES ('0345350499','5','4');
INSERT INTO Book_copies(book_id,branch_id,no_of_copies) VALUES ('0345337662','1','4');
INSERT INTO Book_copies(book_id,branch_id,no_of_copies) VALUES ('0345337662','2','4');
INSERT INTO Book_copies(book_id,branch_id,no_of_copies) VALUES ('0345337662','3','0');
INSERT INTO Book_copies(book_id,branch_id,no_of_copies) VALUES ('0345337662','4','4');
INSERT INTO Book_copies(book_id,branch_id,no_of_copies) VALUES ('0345337662','5','2');
INSERT INTO Book_copies(book_id,branch_id,no_of_copies) VALUES ('0345377648','1','2');
INSERT INTO Book_copies(book_id,branch_id,no_of_copies) VALUES ('0345377648','2','3');
INSERT INTO Book_copies(book_id,branch_id,no_of_copies) VALUES ('0345377648','3','1');
INSERT INTO Book_copies(book_id,branch_id,no_of_copies) VALUES ('0345377648','4','3');
INSERT INTO Book_copies(book_id,branch_id,no_of_copies) VALUES ('0345377648','5','2');
INSERT INTO Book_copies(book_id,branch_id,no_of_copies) VALUES ('0674003306','1','3');
INSERT INTO Book_copies(book_id,branch_id,no_of_copies) VALUES ('0674003306','2','2');
INSERT INTO Book_copies(book_id,branch_id,no_of_copies) VALUES ('0674003306','3','1');
INSERT INTO Book_copies(book_id,branch_id,no_of_copies) VALUES ('0674003306','4','1');
INSERT INTO Book_copies(book_id,branch_id,no_of_copies) VALUES ('0674003306','5','1');
INSERT INTO Book_copies(book_id,branch_id,no_of_copies) VALUES ('0072127317','1','2');
INSERT INTO Book_copies(book_id,branch_id,no_of_copies) VALUES ('0072127317','2','4');
INSERT INTO Book_copies(book_id,branch_id,no_of_copies) VALUES ('0072127317','3','4');
INSERT INTO Book_copies(book_id,branch_id,no_of_copies) VALUES ('0072127317','4','2');
INSERT INTO Book_copies(book_id,branch_id,no_of_copies) VALUES ('0072127317','5','3');
INSERT INTO Book_copies(book_id,branch_id,no_of_copies) VALUES ('1584500492','1','1');
INSERT INTO Book_copies(book_id,branch_id,no_of_copies) VALUES ('1584500492','2','2');
INSERT INTO Book_copies(book_id,branch_id,no_of_copies) VALUES ('1584500492','3','1');
INSERT INTO Book_copies(book_id,branch_id,no_of_copies) VALUES ('1584500492','4','1');
INSERT INTO Book_copies(book_id,branch_id,no_of_copies) VALUES ('1584500492','5','1');
INSERT INTO Book_copies(book_id,branch_id,no_of_copies) VALUES ('0671047310','1','2');
INSERT INTO Book_copies(book_id,branch_id,no_of_copies) VALUES ('0671047310','2','4');
INSERT INTO Book_copies(book_id,branch_id,no_of_copies) VALUES ('0671047310','3','1');
INSERT INTO Book_copies(book_id,branch_id,no_of_copies) VALUES ('0671047310','4','0');
INSERT INTO Book_copies(book_id,branch_id,no_of_copies) VALUES ('0671047310','5','2');
INSERT INTO Book_copies(book_id,branch_id,no_of_copies) VALUES ('0312965095','1','4');
INSERT INTO Book_copies(book_id,branch_id,no_of_copies) VALUES ('0312965095','2','0');
INSERT INTO Book_copies(book_id,branch_id,no_of_copies) VALUES ('0312965095','3','2');
INSERT INTO Book_copies(book_id,branch_id,no_of_copies) VALUES ('0312965095','4','1');
INSERT INTO Book_copies(book_id,branch_id,no_of_copies) VALUES ('0312965095','5','3');
INSERT INTO Book_copies(book_id,branch_id,no_of_copies) VALUES ('0553577476','1','4');
INSERT INTO Book_copies(book_id,branch_id,no_of_copies) VALUES ('0553577476','2','1');
INSERT INTO Book_copies(book_id,branch_id,no_of_copies) VALUES ('0553577476','3','1');
INSERT INTO Book_copies(book_id,branch_id,no_of_copies) VALUES ('0553577476','4','4');
INSERT INTO Book_copies(book_id,branch_id,no_of_copies) VALUES ('0553577476','5','4');
INSERT INTO Book_copies(book_id,branch_id,no_of_copies) VALUES ('0531164497','1','3');
INSERT INTO Book_copies(book_id,branch_id,no_of_copies) VALUES ('0531164497','2','1');
INSERT INTO Book_copies(book_id,branch_id,no_of_copies) VALUES ('0531164497','3','0');
INSERT INTO Book_copies(book_id,branch_id,no_of_copies) VALUES ('0531164497','4','2');
INSERT INTO Book_copies(book_id,branch_id,no_of_copies) VALUES ('0531164497','5','1');
INSERT INTO Book_copies(book_id,branch_id,no_of_copies) VALUES ('0812520629','1','1');
INSERT INTO Book_copies(book_id,branch_id,no_of_copies) VALUES ('0812520629','2','0');
INSERT INTO Book_copies(book_id,branch_id,no_of_copies) VALUES ('0812520629','3','1');
INSERT INTO Book_copies(book_id,branch_id,no_of_copies) VALUES ('0812520629','4','4');
INSERT INTO Book_copies(book_id,branch_id,no_of_copies) VALUES ('0812520629','5','4');
INSERT INTO Book_copies(book_id,branch_id,no_of_copies) VALUES ('0688069711','1','1');
INSERT INTO Book_copies(book_id,branch_id,no_of_copies) VALUES ('0688069711','2','0');
INSERT INTO Book_copies(book_id,branch_id,no_of_copies) VALUES ('0688069711','3','4');
INSERT INTO Book_copies(book_id,branch_id,no_of_copies) VALUES ('0688069711','4','3');
INSERT INTO Book_copies(book_id,branch_id,no_of_copies) VALUES ('0688069711','5','4');
INSERT INTO Book_copies(book_id,branch_id,no_of_copies) VALUES ('0932813739','1','2');
INSERT INTO Book_copies(book_id,branch_id,no_of_copies) VALUES ('0932813739','2','0');
INSERT INTO Book_copies(book_id,branch_id,no_of_copies) VALUES ('0932813739','3','3');
INSERT INTO Book_copies(book_id,branch_id,no_of_copies) VALUES ('0932813739','4','2');
INSERT INTO Book_copies(book_id,branch_id,no_of_copies) VALUES ('0932813739','5','4');
INSERT INTO Book_copies(book_id,branch_id,no_of_copies) VALUES ('0961549890','1','4');
INSERT INTO Book_copies(book_id,branch_id,no_of_copies) VALUES ('0961549890','2','1');
INSERT INTO Book_copies(book_id,branch_id,no_of_copies) VALUES ('0961549890','3','2');
INSERT INTO Book_copies(book_id,branch_id,no_of_copies) VALUES ('0961549890','4','0');
INSERT INTO Book_copies(book_id,branch_id,no_of_copies) VALUES ('0961549890','5','1');
INSERT INTO Book_copies(book_id,branch_id,no_of_copies) VALUES ('0789404257','1','1');
INSERT INTO Book_copies(book_id,branch_id,no_of_copies) VALUES ('0789404257','2','0');
INSERT INTO Book_copies(book_id,branch_id,no_of_copies) VALUES ('0789404257','3','2');
INSERT INTO Book_copies(book_id,branch_id,no_of_copies) VALUES ('0789404257','4','0');
INSERT INTO Book_copies(book_id,branch_id,no_of_copies) VALUES ('0789404257','5','1');
INSERT INTO Book_copies(book_id,branch_id,no_of_copies) VALUES ('0449911942','1','2');
INSERT INTO Book_copies(book_id,branch_id,no_of_copies) VALUES ('0449911942','2','0');
INSERT INTO Book_copies(book_id,branch_id,no_of_copies) VALUES ('0449911942','3','1');
INSERT INTO Book_copies(book_id,branch_id,no_of_copies) VALUES ('0449911942','4','1');
INSERT INTO Book_copies(book_id,branch_id,no_of_copies) VALUES ('0449911942','5','2');
INSERT INTO Book_copies(book_id,branch_id,no_of_copies) VALUES ('0393316009','1','1');
INSERT INTO Book_copies(book_id,branch_id,no_of_copies) VALUES ('0393316009','2','0');
INSERT INTO Book_copies(book_id,branch_id,no_of_copies) VALUES ('0393316009','3','1');
INSERT INTO Book_copies(book_id,branch_id,no_of_copies) VALUES ('0393316009','4','4');
INSERT INTO Book_copies(book_id,branch_id,no_of_copies) VALUES ('0393316009','5','4');
INSERT INTO Book_copies(book_id,branch_id,no_of_copies) VALUES ('067976674X','1','2');
INSERT INTO Book_copies(book_id,branch_id,no_of_copies) VALUES ('067976674X','2','1');
INSERT INTO Book_copies(book_id,branch_id,no_of_copies) VALUES ('067976674X','3','0');
INSERT INTO Book_copies(book_id,branch_id,no_of_copies) VALUES ('067976674X','4','3');
INSERT INTO Book_copies(book_id,branch_id,no_of_copies) VALUES ('067976674X','5','0');
INSERT INTO Book_copies(book_id,branch_id,no_of_copies) VALUES ('0471597619','1','4');
INSERT INTO Book_copies(book_id,branch_id,no_of_copies) VALUES ('0471597619','2','0');
INSERT INTO Book_copies(book_id,branch_id,no_of_copies) VALUES ('0471597619','3','3');
INSERT INTO Book_copies(book_id,branch_id,no_of_copies) VALUES ('0471597619','4','2');
INSERT INTO Book_copies(book_id,branch_id,no_of_copies) VALUES ('0471597619','5','2');
INSERT INTO Book_copies(book_id,branch_id,no_of_copies) VALUES ('0030303370','1','3');
INSERT INTO Book_copies(book_id,branch_id,no_of_copies) VALUES ('0030303370','2','3');
INSERT INTO Book_copies(book_id,branch_id,no_of_copies) VALUES ('0030303370','3','4');
INSERT INTO Book_copies(book_id,branch_id,no_of_copies) VALUES ('0030303370','4','4');
INSERT INTO Book_copies(book_id,branch_id,no_of_copies) VALUES ('0030303370','5','3');
INSERT INTO Book_copies(book_id,branch_id,no_of_copies) VALUES ('0810961695','1','2');
INSERT INTO Book_copies(book_id,branch_id,no_of_copies) VALUES ('0810961695','2','2');
INSERT INTO Book_copies(book_id,branch_id,no_of_copies) VALUES ('0810961695','3','2');
INSERT INTO Book_copies(book_id,branch_id,no_of_copies) VALUES ('0810961695','4','0');
INSERT INTO Book_copies(book_id,branch_id,no_of_copies) VALUES ('0810961695','5','2');
INSERT INTO Book_copies(book_id,branch_id,no_of_copies) VALUES ('0130264857','1','3');
INSERT INTO Book_copies(book_id,branch_id,no_of_copies) VALUES ('0130264857','2','1');
INSERT INTO Book_copies(book_id,branch_id,no_of_copies) VALUES ('0130264857','3','2');
INSERT INTO Book_copies(book_id,branch_id,no_of_copies) VALUES ('0130264857','4','0');
INSERT INTO Book_copies(book_id,branch_id,no_of_copies) VALUES ('0130264857','5','0');
INSERT INTO Book_copies(book_id,branch_id,no_of_copies) VALUES ('0130273635','1','4');
INSERT INTO Book_copies(book_id,branch_id,no_of_copies) VALUES ('0130273635','2','3');
INSERT INTO Book_copies(book_id,branch_id,no_of_copies) VALUES ('0130273635','3','1');
INSERT INTO Book_copies(book_id,branch_id,no_of_copies) VALUES ('0130273635','4','1');
INSERT INTO Book_copies(book_id,branch_id,no_of_copies) VALUES ('0130273635','5','4');
INSERT INTO Book_copies(book_id,branch_id,no_of_copies) VALUES ('083512035x','1','1');
INSERT INTO Book_copies(book_id,branch_id,no_of_copies) VALUES ('083512035x','2','4');
INSERT INTO Book_copies(book_id,branch_id,no_of_copies) VALUES ('083512035x','3','2');
INSERT INTO Book_copies(book_id,branch_id,no_of_copies) VALUES ('083512035x','4','4');
INSERT INTO Book_copies(book_id,branch_id,no_of_copies) VALUES ('083512035x','5','0');
INSERT INTO Book_copies(book_id,branch_id,no_of_copies) VALUES ('0256228779','1','0');
INSERT INTO Book_copies(book_id,branch_id,no_of_copies) VALUES ('0256228779','2','0');
INSERT INTO Book_copies(book_id,branch_id,no_of_copies) VALUES ('0256228779','3','4');
INSERT INTO Book_copies(book_id,branch_id,no_of_copies) VALUES ('0256228779','4','0');
INSERT INTO Book_copies(book_id,branch_id,no_of_copies) VALUES ('0256228779','5','0');
INSERT INTO Book_copies(book_id,branch_id,no_of_copies) VALUES ('0838479022','1','3');
INSERT INTO Book_copies(book_id,branch_id,no_of_copies) VALUES ('0838479022','2','1');
INSERT INTO Book_copies(book_id,branch_id,no_of_copies) VALUES ('0838479022','3','2');
INSERT INTO Book_copies(book_id,branch_id,no_of_copies) VALUES ('0838479022','4','2');
INSERT INTO Book_copies(book_id,branch_id,no_of_copies) VALUES ('0838479022','5','2');
INSERT INTO Book_copies(book_id,branch_id,no_of_copies) VALUES ('0553283936','1','2');
INSERT INTO Book_copies(book_id,branch_id,no_of_copies) VALUES ('0553283936','2','1');
INSERT INTO Book_copies(book_id,branch_id,no_of_copies) VALUES ('0553283936','3','1');
INSERT INTO Book_copies(book_id,branch_id,no_of_copies) VALUES ('0553283936','4','4');
INSERT INTO Book_copies(book_id,branch_id,no_of_copies) VALUES ('0553283936','5','2');
INSERT INTO Book_copies(book_id,branch_id,no_of_copies) VALUES ('1576572862','1','2');
INSERT INTO Book_copies(book_id,branch_id,no_of_copies) VALUES ('1576572862','2','3');
INSERT INTO Book_copies(book_id,branch_id,no_of_copies) VALUES ('1576572862','3','2');
INSERT INTO Book_copies(book_id,branch_id,no_of_copies) VALUES ('1576572862','4','1');
INSERT INTO Book_copies(book_id,branch_id,no_of_copies) VALUES ('1576572862','5','2');
INSERT INTO Book_copies(book_id,branch_id,no_of_copies) VALUES ('1576573842','1','2');
INSERT INTO Book_copies(book_id,branch_id,no_of_copies) VALUES ('1576573842','2','4');
INSERT INTO Book_copies(book_id,branch_id,no_of_copies) VALUES ('1576573842','3','0');
INSERT INTO Book_copies(book_id,branch_id,no_of_copies) VALUES ('1576573842','4','1');
INSERT INTO Book_copies(book_id,branch_id,no_of_copies) VALUES ('1576573842','5','0');
INSERT INTO Book_copies(book_id,branch_id,no_of_copies) VALUES ('0967174805','1','4');
INSERT INTO Book_copies(book_id,branch_id,no_of_copies) VALUES ('0967174805','2','0');
INSERT INTO Book_copies(book_id,branch_id,no_of_copies) VALUES ('0967174805','3','2');
INSERT INTO Book_copies(book_id,branch_id,no_of_copies) VALUES ('0967174805','4','2');
INSERT INTO Book_copies(book_id,branch_id,no_of_copies) VALUES ('0967174805','5','3');
INSERT INTO Book_copies(book_id,branch_id,no_of_copies) VALUES ('0807825859','1','2');
INSERT INTO Book_copies(book_id,branch_id,no_of_copies) VALUES ('0807825859','2','4');
INSERT INTO Book_copies(book_id,branch_id,no_of_copies) VALUES ('0807825859','3','1');
INSERT INTO Book_copies(book_id,branch_id,no_of_copies) VALUES ('0807825859','4','2');
INSERT INTO Book_copies(book_id,branch_id,no_of_copies) VALUES ('0807825859','5','2');
INSERT INTO Book_copies(book_id,branch_id,no_of_copies) VALUES ('0684818701','1','4');
INSERT INTO Book_copies(book_id,branch_id,no_of_copies) VALUES ('0684818701','2','1');
INSERT INTO Book_copies(book_id,branch_id,no_of_copies) VALUES ('0684818701','3','1');
INSERT INTO Book_copies(book_id,branch_id,no_of_copies) VALUES ('0684818701','4','0');
INSERT INTO Book_copies(book_id,branch_id,no_of_copies) VALUES ('0684818701','5','1');
INSERT INTO Book_copies(book_id,branch_id,no_of_copies) VALUES ('0385326653','1','4');
INSERT INTO Book_copies(book_id,branch_id,no_of_copies) VALUES ('0385326653','2','4');
INSERT INTO Book_copies(book_id,branch_id,no_of_copies) VALUES ('0385326653','3','4');
INSERT INTO Book_copies(book_id,branch_id,no_of_copies) VALUES ('0385326653','4','4');
INSERT INTO Book_copies(book_id,branch_id,no_of_copies) VALUES ('0385326653','5','4');
INSERT INTO Book_copies(book_id,branch_id,no_of_copies) VALUES ('0201615622','1','3');
INSERT INTO Book_copies(book_id,branch_id,no_of_copies) VALUES ('0201615622','2','4');
INSERT INTO Book_copies(book_id,branch_id,no_of_copies) VALUES ('0201615622','3','3');
INSERT INTO Book_copies(book_id,branch_id,no_of_copies) VALUES ('0201615622','4','0');
INSERT INTO Book_copies(book_id,branch_id,no_of_copies) VALUES ('0201615622','5','3');
INSERT INTO Book_copies(book_id,branch_id,no_of_copies) VALUES ('067944551X','1','3');
INSERT INTO Book_copies(book_id,branch_id,no_of_copies) VALUES ('067944551X','2','0');
INSERT INTO Book_copies(book_id,branch_id,no_of_copies) VALUES ('067944551X','3','0');
INSERT INTO Book_copies(book_id,branch_id,no_of_copies) VALUES ('067944551X','4','0');
INSERT INTO Book_copies(book_id,branch_id,no_of_copies) VALUES ('067944551X','5','0');
INSERT INTO Book_copies(book_id,branch_id,no_of_copies) VALUES ('0810936852','1','0');
INSERT INTO Book_copies(book_id,branch_id,no_of_copies) VALUES ('0810936852','2','2');
INSERT INTO Book_copies(book_id,branch_id,no_of_copies) VALUES ('0810936852','3','4');
INSERT INTO Book_copies(book_id,branch_id,no_of_copies) VALUES ('0810936852','4','0');
INSERT INTO Book_copies(book_id,branch_id,no_of_copies) VALUES ('0810936852','5','3');
INSERT INTO Book_copies(book_id,branch_id,no_of_copies) VALUES ('020163371X','1','3');
INSERT INTO Book_copies(book_id,branch_id,no_of_copies) VALUES ('020163371X','2','1');
INSERT INTO Book_copies(book_id,branch_id,no_of_copies) VALUES ('020163371X','3','4');
INSERT INTO Book_copies(book_id,branch_id,no_of_copies) VALUES ('020163371X','4','2');
INSERT INTO Book_copies(book_id,branch_id,no_of_copies) VALUES ('020163371X','5','1');
INSERT INTO Book_copies(book_id,branch_id,no_of_copies) VALUES ('0439064864','1','4');
INSERT INTO Book_copies(book_id,branch_id,no_of_copies) VALUES ('0439064864','2','4');
INSERT INTO Book_copies(book_id,branch_id,no_of_copies) VALUES ('0439064864','3','1');
INSERT INTO Book_copies(book_id,branch_id,no_of_copies) VALUES ('0439064864','4','0');
INSERT INTO Book_copies(book_id,branch_id,no_of_copies) VALUES ('0439064864','5','4');
INSERT INTO Book_copies(book_id,branch_id,no_of_copies) VALUES ('0439136350','1','4');
INSERT INTO Book_copies(book_id,branch_id,no_of_copies) VALUES ('0439136350','2','2');
INSERT INTO Book_copies(book_id,branch_id,no_of_copies) VALUES ('0439136350','3','4');
INSERT INTO Book_copies(book_id,branch_id,no_of_copies) VALUES ('0439136350','4','4');
INSERT INTO Book_copies(book_id,branch_id,no_of_copies) VALUES ('0439136350','5','4');
INSERT INTO Book_copies(book_id,branch_id,no_of_copies) VALUES ('0345313860','1','2');
INSERT INTO Book_copies(book_id,branch_id,no_of_copies) VALUES ('0345313860','2','0');
INSERT INTO Book_copies(book_id,branch_id,no_of_copies) VALUES ('0345313860','3','1');
INSERT INTO Book_copies(book_id,branch_id,no_of_copies) VALUES ('0345313860','4','4');
INSERT INTO Book_copies(book_id,branch_id,no_of_copies) VALUES ('0345313860','5','2');
INSERT INTO Book_copies(book_id,branch_id,no_of_copies) VALUES ('034538475X','1','2');
INSERT INTO Book_copies(book_id,branch_id,no_of_copies) VALUES ('034538475X','2','1');
INSERT INTO Book_copies(book_id,branch_id,no_of_copies) VALUES ('034538475X','3','0');
INSERT INTO Book_copies(book_id,branch_id,no_of_copies) VALUES ('034538475X','4','2');
INSERT INTO Book_copies(book_id,branch_id,no_of_copies) VALUES ('034538475X','5','2');
INSERT INTO Book_copies(book_id,branch_id,no_of_copies) VALUES ('0030615372','1','3');
INSERT INTO Book_copies(book_id,branch_id,no_of_copies) VALUES ('0030615372','2','0');
INSERT INTO Book_copies(book_id,branch_id,no_of_copies) VALUES ('0030615372','3','3');
INSERT INTO Book_copies(book_id,branch_id,no_of_copies) VALUES ('0030615372','4','3');
INSERT INTO Book_copies(book_id,branch_id,no_of_copies) VALUES ('0030615372','5','1');
INSERT INTO Book_copies(book_id,branch_id,no_of_copies) VALUES ('0201634422','1','2');
INSERT INTO Book_copies(book_id,branch_id,no_of_copies) VALUES ('0201634422','2','1');
INSERT INTO Book_copies(book_id,branch_id,no_of_copies) VALUES ('0201634422','3','1');
INSERT INTO Book_copies(book_id,branch_id,no_of_copies) VALUES ('0201634422','4','0');
INSERT INTO Book_copies(book_id,branch_id,no_of_copies) VALUES ('0201634422','5','4');
INSERT INTO Book_copies(book_id,branch_id,no_of_copies) VALUES ('1565926099','1','4');
INSERT INTO Book_copies(book_id,branch_id,no_of_copies) VALUES ('1565926099','2','4');
INSERT INTO Book_copies(book_id,branch_id,no_of_copies) VALUES ('1565926099','3','3');
INSERT INTO Book_copies(book_id,branch_id,no_of_copies) VALUES ('1565926099','4','4');
INSERT INTO Book_copies(book_id,branch_id,no_of_copies) VALUES ('1565926099','5','3');
INSERT INTO Book_copies(book_id,branch_id,no_of_copies) VALUES ('0672319241','1','3');
INSERT INTO Book_copies(book_id,branch_id,no_of_copies) VALUES ('0672319241','2','4');
INSERT INTO Book_copies(book_id,branch_id,no_of_copies) VALUES ('0672319241','3','1');
INSERT INTO Book_copies(book_id,branch_id,no_of_copies) VALUES ('0672319241','4','3');
INSERT INTO Book_copies(book_id,branch_id,no_of_copies) VALUES ('0672319241','5','4');
INSERT INTO Book_copies(book_id,branch_id,no_of_copies) VALUES ('0534368018','1','0');
INSERT INTO Book_copies(book_id,branch_id,no_of_copies) VALUES ('0534368018','2','0');
INSERT INTO Book_copies(book_id,branch_id,no_of_copies) VALUES ('0534368018','3','3');
INSERT INTO Book_copies(book_id,branch_id,no_of_copies) VALUES ('0534368018','4','1');
INSERT INTO Book_copies(book_id,branch_id,no_of_copies) VALUES ('0534368018','5','1');
INSERT INTO Book_copies(book_id,branch_id,no_of_copies) VALUES ('0136603904','1','1');
INSERT INTO Book_copies(book_id,branch_id,no_of_copies) VALUES ('0136603904','2','3');
INSERT INTO Book_copies(book_id,branch_id,no_of_copies) VALUES ('0136603904','3','0');
INSERT INTO Book_copies(book_id,branch_id,no_of_copies) VALUES ('0136603904','4','2');
INSERT INTO Book_copies(book_id,branch_id,no_of_copies) VALUES ('0136603904','5','0');
INSERT INTO Book_copies(book_id,branch_id,no_of_copies) VALUES ('0671032658','1','3');
INSERT INTO Book_copies(book_id,branch_id,no_of_copies) VALUES ('0671032658','2','3');
INSERT INTO Book_copies(book_id,branch_id,no_of_copies) VALUES ('0671032658','3','3');
INSERT INTO Book_copies(book_id,branch_id,no_of_copies) VALUES ('0671032658','4','1');
INSERT INTO Book_copies(book_id,branch_id,no_of_copies) VALUES ('0671032658','5','4');
INSERT INTO Book_copies(book_id,branch_id,no_of_copies) VALUES ('0811826848','1','1');
INSERT INTO Book_copies(book_id,branch_id,no_of_copies) VALUES ('0811826848','2','0');
INSERT INTO Book_copies(book_id,branch_id,no_of_copies) VALUES ('0811826848','3','2');
INSERT INTO Book_copies(book_id,branch_id,no_of_copies) VALUES ('0811826848','4','2');
INSERT INTO Book_copies(book_id,branch_id,no_of_copies) VALUES ('0811826848','5','0');
INSERT INTO Book_copies(book_id,branch_id,no_of_copies) VALUES ('0316769487','1','2');
INSERT INTO Book_copies(book_id,branch_id,no_of_copies) VALUES ('0316769487','2','4');
INSERT INTO Book_copies(book_id,branch_id,no_of_copies) VALUES ('0316769487','3','2');
INSERT INTO Book_copies(book_id,branch_id,no_of_copies) VALUES ('0316769487','4','2');
INSERT INTO Book_copies(book_id,branch_id,no_of_copies) VALUES ('0316769487','5','1');
INSERT INTO Book_copies(book_id,branch_id,no_of_copies) VALUES ('0446310783','1','3');
INSERT INTO Book_copies(book_id,branch_id,no_of_copies) VALUES ('0446310783','2','3');
INSERT INTO Book_copies(book_id,branch_id,no_of_copies) VALUES ('0446310783','3','4');
INSERT INTO Book_copies(book_id,branch_id,no_of_copies) VALUES ('0446310783','4','2');
INSERT INTO Book_copies(book_id,branch_id,no_of_copies) VALUES ('0446310783','5','2');
INSERT INTO Book_copies(book_id,branch_id,no_of_copies) VALUES ('0684801523','1','4');
INSERT INTO Book_copies(book_id,branch_id,no_of_copies) VALUES ('0684801523','2','2');
INSERT INTO Book_copies(book_id,branch_id,no_of_copies) VALUES ('0684801523','3','2');
INSERT INTO Book_copies(book_id,branch_id,no_of_copies) VALUES ('0684801523','4','2');
INSERT INTO Book_copies(book_id,branch_id,no_of_copies) VALUES ('0684801523','5','3');
INSERT INTO Book_copies(book_id,branch_id,no_of_copies) VALUES ('0345419758','1','0');
INSERT INTO Book_copies(book_id,branch_id,no_of_copies) VALUES ('0345419758','2','4');
INSERT INTO Book_copies(book_id,branch_id,no_of_copies) VALUES ('0345419758','3','2');
INSERT INTO Book_copies(book_id,branch_id,no_of_copies) VALUES ('0345419758','4','4');
INSERT INTO Book_copies(book_id,branch_id,no_of_copies) VALUES ('0345419758','5','2');
INSERT INTO Book_copies(book_id,branch_id,no_of_copies) VALUES ('1557044287','1','0');
INSERT INTO Book_copies(book_id,branch_id,no_of_copies) VALUES ('1557044287','2','4');
INSERT INTO Book_copies(book_id,branch_id,no_of_copies) VALUES ('1557044287','3','1');
INSERT INTO Book_copies(book_id,branch_id,no_of_copies) VALUES ('1557044287','4','1');
INSERT INTO Book_copies(book_id,branch_id,no_of_copies) VALUES ('1557044287','5','2');
INSERT INTO Book_copies(book_id,branch_id,no_of_copies) VALUES ('0553575538','1','0');
INSERT INTO Book_copies(book_id,branch_id,no_of_copies) VALUES ('0553575538','2','4');
INSERT INTO Book_copies(book_id,branch_id,no_of_copies) VALUES ('0553575538','3','0');
INSERT INTO Book_copies(book_id,branch_id,no_of_copies) VALUES ('0553575538','4','2');
INSERT INTO Book_copies(book_id,branch_id,no_of_copies) VALUES ('0553575538','5','3');
INSERT INTO Book_copies(book_id,branch_id,no_of_copies) VALUES ('0743215052','1','3');
INSERT INTO Book_copies(book_id,branch_id,no_of_copies) VALUES ('0743215052','2','1');
INSERT INTO Book_copies(book_id,branch_id,no_of_copies) VALUES ('0743215052','3','0');
INSERT INTO Book_copies(book_id,branch_id,no_of_copies) VALUES ('0743215052','4','2');
INSERT INTO Book_copies(book_id,branch_id,no_of_copies) VALUES ('0743215052','5','3');
INSERT INTO Book_copies(book_id,branch_id,no_of_copies) VALUES ('0821762559','1','4');
INSERT INTO Book_copies(book_id,branch_id,no_of_copies) VALUES ('0821762559','2','1');
INSERT INTO Book_copies(book_id,branch_id,no_of_copies) VALUES ('0821762559','3','1');
INSERT INTO Book_copies(book_id,branch_id,no_of_copies) VALUES ('0821762559','4','3');
INSERT INTO Book_copies(book_id,branch_id,no_of_copies) VALUES ('0821762559','5','4');
INSERT INTO Book_copies(book_id,branch_id,no_of_copies) VALUES ('1552047210','1','0');
INSERT INTO Book_copies(book_id,branch_id,no_of_copies) VALUES ('1552047210','2','4');
INSERT INTO Book_copies(book_id,branch_id,no_of_copies) VALUES ('1552047210','3','2');
INSERT INTO Book_copies(book_id,branch_id,no_of_copies) VALUES ('1552047210','4','1');
INSERT INTO Book_copies(book_id,branch_id,no_of_copies) VALUES ('1552047210','5','3');
INSERT INTO Book_copies(book_id,branch_id,no_of_copies) VALUES ('0738204374','1','4');
INSERT INTO Book_copies(book_id,branch_id,no_of_copies) VALUES ('0738204374','2','0');
INSERT INTO Book_copies(book_id,branch_id,no_of_copies) VALUES ('0738204374','3','1');
INSERT INTO Book_copies(book_id,branch_id,no_of_copies) VALUES ('0738204374','4','2');
INSERT INTO Book_copies(book_id,branch_id,no_of_copies) VALUES ('0738204374','5','4');
INSERT INTO Book_copies(book_id,branch_id,no_of_copies) VALUES ('0425133540','1','2');
INSERT INTO Book_copies(book_id,branch_id,no_of_copies) VALUES ('0425133540','2','0');
INSERT INTO Book_copies(book_id,branch_id,no_of_copies) VALUES ('0425133540','3','2');
INSERT INTO Book_copies(book_id,branch_id,no_of_copies) VALUES ('0425133540','4','3');
INSERT INTO Book_copies(book_id,branch_id,no_of_copies) VALUES ('0425133540','5','3');
INSERT INTO Book_copies(book_id,branch_id,no_of_copies) VALUES ('0425147584','1','1');
INSERT INTO Book_copies(book_id,branch_id,no_of_copies) VALUES ('0425147584','2','3');
INSERT INTO Book_copies(book_id,branch_id,no_of_copies) VALUES ('0425147584','3','3');
INSERT INTO Book_copies(book_id,branch_id,no_of_copies) VALUES ('0425147584','4','4');
INSERT INTO Book_copies(book_id,branch_id,no_of_copies) VALUES ('0425147584','5','4');
INSERT INTO Book_copies(book_id,branch_id,no_of_copies) VALUES ('1864364432','1','4');
INSERT INTO Book_copies(book_id,branch_id,no_of_copies) VALUES ('1864364432','2','4');
INSERT INTO Book_copies(book_id,branch_id,no_of_copies) VALUES ('1864364432','3','3');
INSERT INTO Book_copies(book_id,branch_id,no_of_copies) VALUES ('1864364432','4','1');
INSERT INTO Book_copies(book_id,branch_id,no_of_copies) VALUES ('1864364432','5','4');
INSERT INTO Book_copies(book_id,branch_id,no_of_copies) VALUES ('0688160999','1','1');
INSERT INTO Book_copies(book_id,branch_id,no_of_copies) VALUES ('0688160999','2','1');
INSERT INTO Book_copies(book_id,branch_id,no_of_copies) VALUES ('0688160999','3','1');
INSERT INTO Book_copies(book_id,branch_id,no_of_copies) VALUES ('0688160999','4','3');
INSERT INTO Book_copies(book_id,branch_id,no_of_copies) VALUES ('0688160999','5','3');
INSERT INTO Book_copies(book_id,branch_id,no_of_copies) VALUES ('0966625307','1','4');
INSERT INTO Book_copies(book_id,branch_id,no_of_copies) VALUES ('0966625307','2','0');
INSERT INTO Book_copies(book_id,branch_id,no_of_copies) VALUES ('0966625307','3','4');
INSERT INTO Book_copies(book_id,branch_id,no_of_copies) VALUES ('0966625307','4','1');
INSERT INTO Book_copies(book_id,branch_id,no_of_copies) VALUES ('0966625307','5','2');
INSERT INTO Book_copies(book_id,branch_id,no_of_copies) VALUES ('038071115X','1','4');
INSERT INTO Book_copies(book_id,branch_id,no_of_copies) VALUES ('038071115X','2','1');
INSERT INTO Book_copies(book_id,branch_id,no_of_copies) VALUES ('038071115X','3','2');
INSERT INTO Book_copies(book_id,branch_id,no_of_copies) VALUES ('038071115X','4','2');
INSERT INTO Book_copies(book_id,branch_id,no_of_copies) VALUES ('038071115X','5','0');
INSERT INTO Book_copies(book_id,branch_id,no_of_copies) VALUES ('0138613370','1','2');
INSERT INTO Book_copies(book_id,branch_id,no_of_copies) VALUES ('0138613370','2','3');
INSERT INTO Book_copies(book_id,branch_id,no_of_copies) VALUES ('0138613370','3','2');
INSERT INTO Book_copies(book_id,branch_id,no_of_copies) VALUES ('0138613370','4','0');
INSERT INTO Book_copies(book_id,branch_id,no_of_copies) VALUES ('0138613370','5','4');
INSERT INTO Book_copies(book_id,branch_id,no_of_copies) VALUES ('0070349096','1','3');
INSERT INTO Book_copies(book_id,branch_id,no_of_copies) VALUES ('0070349096','2','4');
INSERT INTO Book_copies(book_id,branch_id,no_of_copies) VALUES ('0070349096','3','4');
INSERT INTO Book_copies(book_id,branch_id,no_of_copies) VALUES ('0070349096','4','1');
INSERT INTO Book_copies(book_id,branch_id,no_of_copies) VALUES ('0070349096','5','2');
INSERT INTO Book_copies(book_id,branch_id,no_of_copies) VALUES ('0874779758','1','3');
INSERT INTO Book_copies(book_id,branch_id,no_of_copies) VALUES ('0874779758','2','3');
INSERT INTO Book_copies(book_id,branch_id,no_of_copies) VALUES ('0874779758','3','4');
INSERT INTO Book_copies(book_id,branch_id,no_of_copies) VALUES ('0874779758','4','3');
INSERT INTO Book_copies(book_id,branch_id,no_of_copies) VALUES ('0874779758','5','0');
INSERT INTO Book_copies(book_id,branch_id,no_of_copies) VALUES ('0198503652','1','2');
INSERT INTO Book_copies(book_id,branch_id,no_of_copies) VALUES ('0198503652','2','4');
INSERT INTO Book_copies(book_id,branch_id,no_of_copies) VALUES ('0198503652','3','1');
INSERT INTO Book_copies(book_id,branch_id,no_of_copies) VALUES ('0198503652','4','4');
INSERT INTO Book_copies(book_id,branch_id,no_of_copies) VALUES ('0198503652','5','1');
INSERT INTO Book_copies(book_id,branch_id,no_of_copies) VALUES ('0590956159','1','3');
INSERT INTO Book_copies(book_id,branch_id,no_of_copies) VALUES ('0590956159','2','4');
INSERT INTO Book_copies(book_id,branch_id,no_of_copies) VALUES ('0590956159','3','4');
INSERT INTO Book_copies(book_id,branch_id,no_of_copies) VALUES ('0590956159','4','0');
INSERT INTO Book_copies(book_id,branch_id,no_of_copies) VALUES ('0590956159','5','1');
INSERT INTO Book_copies(book_id,branch_id,no_of_copies) VALUES ('0911625593','1','4');
INSERT INTO Book_copies(book_id,branch_id,no_of_copies) VALUES ('0911625593','2','0');
INSERT INTO Book_copies(book_id,branch_id,no_of_copies) VALUES ('0911625593','3','1');
INSERT INTO Book_copies(book_id,branch_id,no_of_copies) VALUES ('0911625593','4','3');
INSERT INTO Book_copies(book_id,branch_id,no_of_copies) VALUES ('0911625593','5','2');
INSERT INTO Book_copies(book_id,branch_id,no_of_copies) VALUES ('0911625453','1','1');
INSERT INTO Book_copies(book_id,branch_id,no_of_copies) VALUES ('0911625453','2','4');
INSERT INTO Book_copies(book_id,branch_id,no_of_copies) VALUES ('0911625453','3','1');
INSERT INTO Book_copies(book_id,branch_id,no_of_copies) VALUES ('0911625453','4','0');
INSERT INTO Book_copies(book_id,branch_id,no_of_copies) VALUES ('0911625453','5','3');
INSERT INTO Book_copies(book_id,branch_id,no_of_copies) VALUES ('0078823927','1','1');
INSERT INTO Book_copies(book_id,branch_id,no_of_copies) VALUES ('0078823927','2','4');
INSERT INTO Book_copies(book_id,branch_id,no_of_copies) VALUES ('0078823927','3','0');
INSERT INTO Book_copies(book_id,branch_id,no_of_copies) VALUES ('0078823927','4','3');
INSERT INTO Book_copies(book_id,branch_id,no_of_copies) VALUES ('0078823927','5','4');
INSERT INTO Book_copies(book_id,branch_id,no_of_copies) VALUES ('1884133258','1','4');
INSERT INTO Book_copies(book_id,branch_id,no_of_copies) VALUES ('1884133258','2','0');
INSERT INTO Book_copies(book_id,branch_id,no_of_copies) VALUES ('1884133258','3','1');
INSERT INTO Book_copies(book_id,branch_id,no_of_copies) VALUES ('1884133258','4','4');
INSERT INTO Book_copies(book_id,branch_id,no_of_copies) VALUES ('1884133258','5','4');
INSERT INTO Book_copies(book_id,branch_id,no_of_copies) VALUES ('0760049254','1','0');
INSERT INTO Book_copies(book_id,branch_id,no_of_copies) VALUES ('0760049254','2','0');
INSERT INTO Book_copies(book_id,branch_id,no_of_copies) VALUES ('0760049254','3','1');
INSERT INTO Book_copies(book_id,branch_id,no_of_copies) VALUES ('0760049254','4','0');
INSERT INTO Book_copies(book_id,branch_id,no_of_copies) VALUES ('0760049254','5','2');
INSERT INTO Book_copies(book_id,branch_id,no_of_copies) VALUES ('0314129499','1','4');
INSERT INTO Book_copies(book_id,branch_id,no_of_copies) VALUES ('0314129499','2','0');
INSERT INTO Book_copies(book_id,branch_id,no_of_copies) VALUES ('0314129499','3','4');
INSERT INTO Book_copies(book_id,branch_id,no_of_copies) VALUES ('0314129499','4','0');
INSERT INTO Book_copies(book_id,branch_id,no_of_copies) VALUES ('0314129499','5','1');
INSERT INTO Book_copies(book_id,branch_id,no_of_copies) VALUES ('962593460X','1','4');
INSERT INTO Book_copies(book_id,branch_id,no_of_copies) VALUES ('962593460X','2','2');
INSERT INTO Book_copies(book_id,branch_id,no_of_copies) VALUES ('962593460X','3','2');
INSERT INTO Book_copies(book_id,branch_id,no_of_copies) VALUES ('962593460X','4','4');
INSERT INTO Book_copies(book_id,branch_id,no_of_copies) VALUES ('962593460X','5','1');
INSERT INTO Book_copies(book_id,branch_id,no_of_copies) VALUES ('062593460X','1','2');
INSERT INTO Book_copies(book_id,branch_id,no_of_copies) VALUES ('062593460X','2','2');
INSERT INTO Book_copies(book_id,branch_id,no_of_copies) VALUES ('062593460X','3','0');
INSERT INTO Book_copies(book_id,branch_id,no_of_copies) VALUES ('062593460X','4','1');
INSERT INTO Book_copies(book_id,branch_id,no_of_copies) VALUES ('062593460X','5','3');
INSERT INTO Book_copies(book_id,branch_id,no_of_copies) VALUES ('0743202104','1','4');
INSERT INTO Book_copies(book_id,branch_id,no_of_copies) VALUES ('0743202104','2','0');
INSERT INTO Book_copies(book_id,branch_id,no_of_copies) VALUES ('0743202104','3','3');
INSERT INTO Book_copies(book_id,branch_id,no_of_copies) VALUES ('0743202104','4','0');
INSERT INTO Book_copies(book_id,branch_id,no_of_copies) VALUES ('0743202104','5','3');
INSERT INTO Book_copies(book_id,branch_id,no_of_copies) VALUES ('0936184388','1','2');
INSERT INTO Book_copies(book_id,branch_id,no_of_copies) VALUES ('0936184388','2','0');
INSERT INTO Book_copies(book_id,branch_id,no_of_copies) VALUES ('0936184388','3','4');
INSERT INTO Book_copies(book_id,branch_id,no_of_copies) VALUES ('0936184388','4','4');
INSERT INTO Book_copies(book_id,branch_id,no_of_copies) VALUES ('0936184388','5','3');
INSERT INTO Book_copies(book_id,branch_id,no_of_copies) VALUES ('0689829418','1','0');
INSERT INTO Book_copies(book_id,branch_id,no_of_copies) VALUES ('0689829418','2','1');
INSERT INTO Book_copies(book_id,branch_id,no_of_copies) VALUES ('0689829418','3','4');
INSERT INTO Book_copies(book_id,branch_id,no_of_copies) VALUES ('0689829418','4','3');
INSERT INTO Book_copies(book_id,branch_id,no_of_copies) VALUES ('0689829418','5','3');
INSERT INTO Book_copies(book_id,branch_id,no_of_copies) VALUES ('0961470151','1','4');
INSERT INTO Book_copies(book_id,branch_id,no_of_copies) VALUES ('0961470151','2','4');
INSERT INTO Book_copies(book_id,branch_id,no_of_copies) VALUES ('0961470151','3','0');
INSERT INTO Book_copies(book_id,branch_id,no_of_copies) VALUES ('0961470151','4','2');
INSERT INTO Book_copies(book_id,branch_id,no_of_copies) VALUES ('0961470151','5','1');
INSERT INTO Book_copies(book_id,branch_id,no_of_copies) VALUES ('0887251714','1','1');
INSERT INTO Book_copies(book_id,branch_id,no_of_copies) VALUES ('0887251714','2','3');
INSERT INTO Book_copies(book_id,branch_id,no_of_copies) VALUES ('0887251714','3','1');
INSERT INTO Book_copies(book_id,branch_id,no_of_copies) VALUES ('0887251714','4','3');
INSERT INTO Book_copies(book_id,branch_id,no_of_copies) VALUES ('0887251714','5','4');
INSERT INTO Book_copies(book_id,branch_id,no_of_copies) VALUES ('0201615711','1','0');
INSERT INTO Book_copies(book_id,branch_id,no_of_copies) VALUES ('0201615711','2','3');
INSERT INTO Book_copies(book_id,branch_id,no_of_copies) VALUES ('0201615711','3','0');
INSERT INTO Book_copies(book_id,branch_id,no_of_copies) VALUES ('0201615711','4','2');
INSERT INTO Book_copies(book_id,branch_id,no_of_copies) VALUES ('0201615711','5','2');
INSERT INTO Book_copies(book_id,branch_id,no_of_copies) VALUES ('1565922840','1','0');
INSERT INTO Book_copies(book_id,branch_id,no_of_copies) VALUES ('1565922840','2','1');
INSERT INTO Book_copies(book_id,branch_id,no_of_copies) VALUES ('1565922840','3','1');
INSERT INTO Book_copies(book_id,branch_id,no_of_copies) VALUES ('1565922840','4','1');
INSERT INTO Book_copies(book_id,branch_id,no_of_copies) VALUES ('1565922840','5','4');
INSERT INTO Book_copies(book_id,branch_id,no_of_copies) VALUES ('0345438310','1','1');
INSERT INTO Book_copies(book_id,branch_id,no_of_copies) VALUES ('0345438310','2','3');
INSERT INTO Book_copies(book_id,branch_id,no_of_copies) VALUES ('0345438310','3','2');
INSERT INTO Book_copies(book_id,branch_id,no_of_copies) VALUES ('0345438310','4','4');
INSERT INTO Book_copies(book_id,branch_id,no_of_copies) VALUES ('0345438310','5','2');
INSERT INTO Book_copies(book_id,branch_id,no_of_copies) VALUES ('0345298063','1','2');
INSERT INTO Book_copies(book_id,branch_id,no_of_copies) VALUES ('0345298063','2','4');
INSERT INTO Book_copies(book_id,branch_id,no_of_copies) VALUES ('0345298063','3','4');
INSERT INTO Book_copies(book_id,branch_id,no_of_copies) VALUES ('0345298063','4','2');
INSERT INTO Book_copies(book_id,branch_id,no_of_copies) VALUES ('0345298063','5','3');
INSERT INTO Book_copies(book_id,branch_id,no_of_copies) VALUES ('0764547161','1','2');
INSERT INTO Book_copies(book_id,branch_id,no_of_copies) VALUES ('0764547161','2','1');
INSERT INTO Book_copies(book_id,branch_id,no_of_copies) VALUES ('0764547161','3','2');
INSERT INTO Book_copies(book_id,branch_id,no_of_copies) VALUES ('0764547161','4','2');
INSERT INTO Book_copies(book_id,branch_id,no_of_copies) VALUES ('0764547161','5','4');
INSERT INTO Book_copies(book_id,branch_id,no_of_copies) VALUES ('0471105597','1','3');
INSERT INTO Book_copies(book_id,branch_id,no_of_copies) VALUES ('0471105597','2','0');
INSERT INTO Book_copies(book_id,branch_id,no_of_copies) VALUES ('0471105597','3','1');
INSERT INTO Book_copies(book_id,branch_id,no_of_copies) VALUES ('0471105597','4','0');
INSERT INTO Book_copies(book_id,branch_id,no_of_copies) VALUES ('0471105597','5','2');
INSERT INTO Book_copies(book_id,branch_id,no_of_copies) VALUES ('0399501487','1','1');
INSERT INTO Book_copies(book_id,branch_id,no_of_copies) VALUES ('0399501487','2','2');
INSERT INTO Book_copies(book_id,branch_id,no_of_copies) VALUES ('0399501487','3','3');
INSERT INTO Book_copies(book_id,branch_id,no_of_copies) VALUES ('0399501487','4','2');
INSERT INTO Book_copies(book_id,branch_id,no_of_copies) VALUES ('0399501487','5','1');
INSERT INTO Book_copies(book_id,branch_id,no_of_copies) VALUES ('1581950098','1','0');
INSERT INTO Book_copies(book_id,branch_id,no_of_copies) VALUES ('1581950098','2','3');
INSERT INTO Book_copies(book_id,branch_id,no_of_copies) VALUES ('1581950098','3','4');
INSERT INTO Book_copies(book_id,branch_id,no_of_copies) VALUES ('1581950098','4','2');
INSERT INTO Book_copies(book_id,branch_id,no_of_copies) VALUES ('1581950098','5','2');
INSERT INTO Book_copies(book_id,branch_id,no_of_copies) VALUES ('0689813813','1','2');
INSERT INTO Book_copies(book_id,branch_id,no_of_copies) VALUES ('0689813813','2','3');
INSERT INTO Book_copies(book_id,branch_id,no_of_copies) VALUES ('0689813813','3','2');
INSERT INTO Book_copies(book_id,branch_id,no_of_copies) VALUES ('0689813813','4','1');
INSERT INTO Book_copies(book_id,branch_id,no_of_copies) VALUES ('0689813813','5','3');
INSERT INTO Book_copies(book_id,branch_id,no_of_copies) VALUES ('0070121430','1','1');
INSERT INTO Book_copies(book_id,branch_id,no_of_copies) VALUES ('0070121430','2','4');
INSERT INTO Book_copies(book_id,branch_id,no_of_copies) VALUES ('0070121430','3','4');
INSERT INTO Book_copies(book_id,branch_id,no_of_copies) VALUES ('0070121430','4','0');
INSERT INTO Book_copies(book_id,branch_id,no_of_copies) VALUES ('0070121430','5','4');
INSERT INTO Book_copies(book_id,branch_id,no_of_copies) VALUES ('0870212850','1','1');
INSERT INTO Book_copies(book_id,branch_id,no_of_copies) VALUES ('0870212850','2','2');
INSERT INTO Book_copies(book_id,branch_id,no_of_copies) VALUES ('0870212850','3','0');
INSERT INTO Book_copies(book_id,branch_id,no_of_copies) VALUES ('0870212850','4','3');
INSERT INTO Book_copies(book_id,branch_id,no_of_copies) VALUES ('0870212850','5','2');
INSERT INTO Book_copies(book_id,branch_id,no_of_copies) VALUES ('0849323754','1','1');
INSERT INTO Book_copies(book_id,branch_id,no_of_copies) VALUES ('0849323754','2','1');
INSERT INTO Book_copies(book_id,branch_id,no_of_copies) VALUES ('0849323754','3','3');
INSERT INTO Book_copies(book_id,branch_id,no_of_copies) VALUES ('0849323754','4','0');
INSERT INTO Book_copies(book_id,branch_id,no_of_copies) VALUES ('0849323754','5','4');
INSERT INTO Book_copies(book_id,branch_id,no_of_copies) VALUES ('0864426429','1','3');
INSERT INTO Book_copies(book_id,branch_id,no_of_copies) VALUES ('0864426429','2','2');
INSERT INTO Book_copies(book_id,branch_id,no_of_copies) VALUES ('0864426429','3','1');
INSERT INTO Book_copies(book_id,branch_id,no_of_copies) VALUES ('0864426429','4','3');
INSERT INTO Book_copies(book_id,branch_id,no_of_copies) VALUES ('0864426429','5','0');
INSERT INTO Book_copies(book_id,branch_id,no_of_copies) VALUES ('0767903854','1','1');
INSERT INTO Book_copies(book_id,branch_id,no_of_copies) VALUES ('0767903854','2','1');
INSERT INTO Book_copies(book_id,branch_id,no_of_copies) VALUES ('0767903854','3','0');
INSERT INTO Book_copies(book_id,branch_id,no_of_copies) VALUES ('0767903854','4','3');
INSERT INTO Book_copies(book_id,branch_id,no_of_copies) VALUES ('0767903854','5','4');
INSERT INTO Book_copies(book_id,branch_id,no_of_copies) VALUES ('1573225312','1','0');
INSERT INTO Book_copies(book_id,branch_id,no_of_copies) VALUES ('1573225312','2','1');
INSERT INTO Book_copies(book_id,branch_id,no_of_copies) VALUES ('1573225312','3','0');
INSERT INTO Book_copies(book_id,branch_id,no_of_copies) VALUES ('1573225312','4','0');
INSERT INTO Book_copies(book_id,branch_id,no_of_copies) VALUES ('1573225312','5','4');
INSERT INTO Book_copies(book_id,branch_id,no_of_copies) VALUES ('0811213668','1','2');
INSERT INTO Book_copies(book_id,branch_id,no_of_copies) VALUES ('0811213668','2','3');
INSERT INTO Book_copies(book_id,branch_id,no_of_copies) VALUES ('0811213668','3','2');
INSERT INTO Book_copies(book_id,branch_id,no_of_copies) VALUES ('0811213668','4','1');
INSERT INTO Book_copies(book_id,branch_id,no_of_copies) VALUES ('0811213668','5','1');
INSERT INTO Book_copies(book_id,branch_id,no_of_copies) VALUES ('093570261x','1','3');
INSERT INTO Book_copies(book_id,branch_id,no_of_copies) VALUES ('093570261x','2','0');
INSERT INTO Book_copies(book_id,branch_id,no_of_copies) VALUES ('093570261x','3','0');
INSERT INTO Book_copies(book_id,branch_id,no_of_copies) VALUES ('093570261x','4','3');
INSERT INTO Book_copies(book_id,branch_id,no_of_copies) VALUES ('093570261x','5','1');
INSERT INTO Book_copies(book_id,branch_id,no_of_copies) VALUES ('0201709287','1','2');
INSERT INTO Book_copies(book_id,branch_id,no_of_copies) VALUES ('0201709287','2','1');
INSERT INTO Book_copies(book_id,branch_id,no_of_copies) VALUES ('0201709287','3','3');
INSERT INTO Book_copies(book_id,branch_id,no_of_copies) VALUES ('0201709287','4','0');
INSERT INTO Book_copies(book_id,branch_id,no_of_copies) VALUES ('0201709287','5','3');
INSERT INTO Book_copies(book_id,branch_id,no_of_copies) VALUES ('0750650869','1','3');
INSERT INTO Book_copies(book_id,branch_id,no_of_copies) VALUES ('0750650869','2','2');
INSERT INTO Book_copies(book_id,branch_id,no_of_copies) VALUES ('0750650869','3','1');
INSERT INTO Book_copies(book_id,branch_id,no_of_copies) VALUES ('0750650869','4','2');
INSERT INTO Book_copies(book_id,branch_id,no_of_copies) VALUES ('0750650869','5','4');
INSERT INTO Book_copies(book_id,branch_id,no_of_copies) VALUES ('0789305003','1','3');
INSERT INTO Book_copies(book_id,branch_id,no_of_copies) VALUES ('0789305003','2','4');
INSERT INTO Book_copies(book_id,branch_id,no_of_copies) VALUES ('0789305003','3','0');
INSERT INTO Book_copies(book_id,branch_id,no_of_copies) VALUES ('0789305003','4','1');
INSERT INTO Book_copies(book_id,branch_id,no_of_copies) VALUES ('0789305003','5','3');
INSERT INTO Book_copies(book_id,branch_id,no_of_copies) VALUES ('0120594757','1','0');
INSERT INTO Book_copies(book_id,branch_id,no_of_copies) VALUES ('0120594757','2','0');
INSERT INTO Book_copies(book_id,branch_id,no_of_copies) VALUES ('0120594757','3','2');
INSERT INTO Book_copies(book_id,branch_id,no_of_copies) VALUES ('0120594757','4','1');
INSERT INTO Book_copies(book_id,branch_id,no_of_copies) VALUES ('0120594757','5','1');
INSERT INTO Book_copies(book_id,branch_id,no_of_copies) VALUES ('0078823978','1','2');
INSERT INTO Book_copies(book_id,branch_id,no_of_copies) VALUES ('0078823978','2','2');
INSERT INTO Book_copies(book_id,branch_id,no_of_copies) VALUES ('0078823978','3','0');
INSERT INTO Book_copies(book_id,branch_id,no_of_copies) VALUES ('0078823978','4','4');
INSERT INTO Book_copies(book_id,branch_id,no_of_copies) VALUES ('0078823978','5','4');
INSERT INTO Book_copies(book_id,branch_id,no_of_copies) VALUES ('0449202496','1','4');
INSERT INTO Book_copies(book_id,branch_id,no_of_copies) VALUES ('0449202496','2','2');
INSERT INTO Book_copies(book_id,branch_id,no_of_copies) VALUES ('0449202496','3','3');
INSERT INTO Book_copies(book_id,branch_id,no_of_copies) VALUES ('0449202496','4','1');
INSERT INTO Book_copies(book_id,branch_id,no_of_copies) VALUES ('0449202496','5','4');
INSERT INTO Book_copies(book_id,branch_id,no_of_copies) VALUES ('0528838180','1','1');
INSERT INTO Book_copies(book_id,branch_id,no_of_copies) VALUES ('0528838180','2','1');
INSERT INTO Book_copies(book_id,branch_id,no_of_copies) VALUES ('0528838180','3','4');
INSERT INTO Book_copies(book_id,branch_id,no_of_copies) VALUES ('0528838180','4','1');
INSERT INTO Book_copies(book_id,branch_id,no_of_copies) VALUES ('0528838180','5','2');
INSERT INTO Book_copies(book_id,branch_id,no_of_copies) VALUES ('0761117199','1','0');
INSERT INTO Book_copies(book_id,branch_id,no_of_copies) VALUES ('0761117199','2','1');
INSERT INTO Book_copies(book_id,branch_id,no_of_copies) VALUES ('0761117199','3','1');
INSERT INTO Book_copies(book_id,branch_id,no_of_copies) VALUES ('0761117199','4','2');
INSERT INTO Book_copies(book_id,branch_id,no_of_copies) VALUES ('0761117199','5','2');
INSERT INTO Book_copies(book_id,branch_id,no_of_copies) VALUES ('0060393645','1','4');
INSERT INTO Book_copies(book_id,branch_id,no_of_copies) VALUES ('0060393645','2','4');
INSERT INTO Book_copies(book_id,branch_id,no_of_copies) VALUES ('0060393645','3','1');
INSERT INTO Book_copies(book_id,branch_id,no_of_copies) VALUES ('0060393645','4','1');
INSERT INTO Book_copies(book_id,branch_id,no_of_copies) VALUES ('0060393645','5','0');
INSERT INTO Book_copies(book_id,branch_id,no_of_copies) VALUES ('1586480103','1','2');
INSERT INTO Book_copies(book_id,branch_id,no_of_copies) VALUES ('1586480103','2','2');
INSERT INTO Book_copies(book_id,branch_id,no_of_copies) VALUES ('1586480103','3','3');
INSERT INTO Book_copies(book_id,branch_id,no_of_copies) VALUES ('1586480103','4','1');
INSERT INTO Book_copies(book_id,branch_id,no_of_copies) VALUES ('1586480103','5','0');
INSERT INTO Book_copies(book_id,branch_id,no_of_copies) VALUES ('0809299674','1','2');
INSERT INTO Book_copies(book_id,branch_id,no_of_copies) VALUES ('0809299674','2','2');
INSERT INTO Book_copies(book_id,branch_id,no_of_copies) VALUES ('0809299674','3','2');
INSERT INTO Book_copies(book_id,branch_id,no_of_copies) VALUES ('0809299674','4','2');
INSERT INTO Book_copies(book_id,branch_id,no_of_copies) VALUES ('0809299674','5','3');
INSERT INTO Book_copies(book_id,branch_id,no_of_copies) VALUES ('037541164X','1','2');
INSERT INTO Book_copies(book_id,branch_id,no_of_copies) VALUES ('037541164X','2','0');
INSERT INTO Book_copies(book_id,branch_id,no_of_copies) VALUES ('037541164X','3','4');
INSERT INTO Book_copies(book_id,branch_id,no_of_copies) VALUES ('037541164X','4','2');
INSERT INTO Book_copies(book_id,branch_id,no_of_copies) VALUES ('037541164X','5','1');
INSERT INTO Book_copies(book_id,branch_id,no_of_copies) VALUES ('0684856093','1','3');
INSERT INTO Book_copies(book_id,branch_id,no_of_copies) VALUES ('0684856093','2','4');
INSERT INTO Book_copies(book_id,branch_id,no_of_copies) VALUES ('0684856093','3','1');
INSERT INTO Book_copies(book_id,branch_id,no_of_copies) VALUES ('0684856093','4','0');
INSERT INTO Book_copies(book_id,branch_id,no_of_copies) VALUES ('0684856093','5','2');
INSERT INTO Book_copies(book_id,branch_id,no_of_copies) VALUES ('0375400818','1','3');
INSERT INTO Book_copies(book_id,branch_id,no_of_copies) VALUES ('0375400818','2','2');
INSERT INTO Book_copies(book_id,branch_id,no_of_copies) VALUES ('0375400818','3','4');
INSERT INTO Book_copies(book_id,branch_id,no_of_copies) VALUES ('0375400818','4','1');
INSERT INTO Book_copies(book_id,branch_id,no_of_copies) VALUES ('0375400818','5','2');
INSERT INTO Book_copies(book_id,branch_id,no_of_copies) VALUES ('0716736381','1','4');
INSERT INTO Book_copies(book_id,branch_id,no_of_copies) VALUES ('0716736381','2','4');
INSERT INTO Book_copies(book_id,branch_id,no_of_copies) VALUES ('0716736381','3','1');
INSERT INTO Book_copies(book_id,branch_id,no_of_copies) VALUES ('0716736381','4','1');
INSERT INTO Book_copies(book_id,branch_id,no_of_copies) VALUES ('0716736381','5','1');
INSERT INTO Book_copies(book_id,branch_id,no_of_copies) VALUES ('0399146652','1','2');
INSERT INTO Book_copies(book_id,branch_id,no_of_copies) VALUES ('0399146652','2','3');
INSERT INTO Book_copies(book_id,branch_id,no_of_copies) VALUES ('0399146652','3','3');
INSERT INTO Book_copies(book_id,branch_id,no_of_copies) VALUES ('0399146652','4','2');
INSERT INTO Book_copies(book_id,branch_id,no_of_copies) VALUES ('0399146652','5','3');
INSERT INTO Book_copies(book_id,branch_id,no_of_copies) VALUES ('0439139597','1','1');
INSERT INTO Book_copies(book_id,branch_id,no_of_copies) VALUES ('0439139597','2','2');
INSERT INTO Book_copies(book_id,branch_id,no_of_copies) VALUES ('0439139597','3','1');
INSERT INTO Book_copies(book_id,branch_id,no_of_copies) VALUES ('0439139597','4','2');
INSERT INTO Book_copies(book_id,branch_id,no_of_copies) VALUES ('0439139597','5','3');
INSERT INTO Book_copies(book_id,branch_id,no_of_copies) VALUES ('0910146691','1','3');
INSERT INTO Book_copies(book_id,branch_id,no_of_copies) VALUES ('0910146691','2','4');
INSERT INTO Book_copies(book_id,branch_id,no_of_copies) VALUES ('0910146691','3','4');
INSERT INTO Book_copies(book_id,branch_id,no_of_copies) VALUES ('0910146691','4','0');
INSERT INTO Book_copies(book_id,branch_id,no_of_copies) VALUES ('0910146691','5','3');
INSERT INTO Book_copies(book_id,branch_id,no_of_copies) VALUES ('1930110006','1','1');
INSERT INTO Book_copies(book_id,branch_id,no_of_copies) VALUES ('1930110006','2','1');
INSERT INTO Book_copies(book_id,branch_id,no_of_copies) VALUES ('1930110006','3','0');
INSERT INTO Book_copies(book_id,branch_id,no_of_copies) VALUES ('1930110006','4','2');
INSERT INTO Book_copies(book_id,branch_id,no_of_copies) VALUES ('1930110006','5','1');
INSERT INTO Book_copies(book_id,branch_id,no_of_copies) VALUES ('0312135033','1','4');
INSERT INTO Book_copies(book_id,branch_id,no_of_copies) VALUES ('0312135033','2','1');
INSERT INTO Book_copies(book_id,branch_id,no_of_copies) VALUES ('0312135033','3','1');
INSERT INTO Book_copies(book_id,branch_id,no_of_copies) VALUES ('0312135033','4','0');
INSERT INTO Book_copies(book_id,branch_id,no_of_copies) VALUES ('0312135033','5','4');
INSERT INTO Book_copies(book_id,branch_id,no_of_copies) VALUES ('0505523078','1','2');
INSERT INTO Book_copies(book_id,branch_id,no_of_copies) VALUES ('0505523078','2','3');
INSERT INTO Book_copies(book_id,branch_id,no_of_copies) VALUES ('0505523078','3','2');
INSERT INTO Book_copies(book_id,branch_id,no_of_copies) VALUES ('0505523078','4','0');
INSERT INTO Book_copies(book_id,branch_id,no_of_copies) VALUES ('0505523078','5','1');
INSERT INTO Book_copies(book_id,branch_id,no_of_copies) VALUES ('0672314800','1','1');
INSERT INTO Book_copies(book_id,branch_id,no_of_copies) VALUES ('0672314800','2','4');
INSERT INTO Book_copies(book_id,branch_id,no_of_copies) VALUES ('0672314800','3','2');
INSERT INTO Book_copies(book_id,branch_id,no_of_copies) VALUES ('0672314800','4','0');
INSERT INTO Book_copies(book_id,branch_id,no_of_copies) VALUES ('0672314800','5','0');
INSERT INTO Book_copies(book_id,branch_id,no_of_copies) VALUES ('020165783X','1','4');
INSERT INTO Book_copies(book_id,branch_id,no_of_copies) VALUES ('020165783X','2','1');
INSERT INTO Book_copies(book_id,branch_id,no_of_copies) VALUES ('020165783X','3','2');
INSERT INTO Book_copies(book_id,branch_id,no_of_copies) VALUES ('020165783X','4','2');
INSERT INTO Book_copies(book_id,branch_id,no_of_copies) VALUES ('020165783X','5','4');
INSERT INTO Book_copies(book_id,branch_id,no_of_copies) VALUES ('0425143325','1','1');
INSERT INTO Book_copies(book_id,branch_id,no_of_copies) VALUES ('0425143325','2','4');
INSERT INTO Book_copies(book_id,branch_id,no_of_copies) VALUES ('0425143325','3','0');
INSERT INTO Book_copies(book_id,branch_id,no_of_copies) VALUES ('0425143325','4','3');
INSERT INTO Book_copies(book_id,branch_id,no_of_copies) VALUES ('0425143325','5','2');
INSERT INTO Book_copies(book_id,branch_id,no_of_copies) VALUES ('0345384466','1','3');
INSERT INTO Book_copies(book_id,branch_id,no_of_copies) VALUES ('0345384466','2','0');
INSERT INTO Book_copies(book_id,branch_id,no_of_copies) VALUES ('0345384466','3','2');
INSERT INTO Book_copies(book_id,branch_id,no_of_copies) VALUES ('0345384466','4','4');
INSERT INTO Book_copies(book_id,branch_id,no_of_copies) VALUES ('0345384466','5','4');
INSERT INTO Book_copies(book_id,branch_id,no_of_copies) VALUES ('0071354190','1','0');
INSERT INTO Book_copies(book_id,branch_id,no_of_copies) VALUES ('0071354190','2','4');
INSERT INTO Book_copies(book_id,branch_id,no_of_copies) VALUES ('0071354190','3','2');
INSERT INTO Book_copies(book_id,branch_id,no_of_copies) VALUES ('0071354190','4','0');
INSERT INTO Book_copies(book_id,branch_id,no_of_copies) VALUES ('0071354190','5','3');
INSERT INTO Book_copies(book_id,branch_id,no_of_copies) VALUES ('0120848104','1','3');
INSERT INTO Book_copies(book_id,branch_id,no_of_copies) VALUES ('0120848104','2','1');
INSERT INTO Book_copies(book_id,branch_id,no_of_copies) VALUES ('0120848104','3','1');
INSERT INTO Book_copies(book_id,branch_id,no_of_copies) VALUES ('0120848104','4','3');
INSERT INTO Book_copies(book_id,branch_id,no_of_copies) VALUES ('0120848104','5','1');
INSERT INTO Book_copies(book_id,branch_id,no_of_copies) VALUES ('0684869519','1','0');
INSERT INTO Book_copies(book_id,branch_id,no_of_copies) VALUES ('0684869519','2','3');
INSERT INTO Book_copies(book_id,branch_id,no_of_copies) VALUES ('0684869519','3','3');
INSERT INTO Book_copies(book_id,branch_id,no_of_copies) VALUES ('0684869519','4','0');
INSERT INTO Book_copies(book_id,branch_id,no_of_copies) VALUES ('0684869519','5','1');
INSERT INTO Book_copies(book_id,branch_id,no_of_copies) VALUES ('0156007754','1','1');
INSERT INTO Book_copies(book_id,branch_id,no_of_copies) VALUES ('0156007754','2','3');
INSERT INTO Book_copies(book_id,branch_id,no_of_copies) VALUES ('0156007754','3','3');
INSERT INTO Book_copies(book_id,branch_id,no_of_copies) VALUES ('0156007754','4','0');
INSERT INTO Book_copies(book_id,branch_id,no_of_copies) VALUES ('0156007754','5','0');
INSERT INTO Book_copies(book_id,branch_id,no_of_copies) VALUES ('067100767X','1','3');
INSERT INTO Book_copies(book_id,branch_id,no_of_copies) VALUES ('067100767X','2','2');
INSERT INTO Book_copies(book_id,branch_id,no_of_copies) VALUES ('067100767X','3','0');
INSERT INTO Book_copies(book_id,branch_id,no_of_copies) VALUES ('067100767X','4','3');
INSERT INTO Book_copies(book_id,branch_id,no_of_copies) VALUES ('067100767X','5','3');
INSERT INTO Book_copies(book_id,branch_id,no_of_copies) VALUES ('1565926269','1','0');
INSERT INTO Book_copies(book_id,branch_id,no_of_copies) VALUES ('1565926269','2','0');
INSERT INTO Book_copies(book_id,branch_id,no_of_copies) VALUES ('1565926269','3','4');
INSERT INTO Book_copies(book_id,branch_id,no_of_copies) VALUES ('1565926269','4','4');
INSERT INTO Book_copies(book_id,branch_id,no_of_copies) VALUES ('1565926269','5','4');
INSERT INTO Book_copies(book_id,branch_id,no_of_copies) VALUES ('1878529234','1','1');
INSERT INTO Book_copies(book_id,branch_id,no_of_copies) VALUES ('1878529234','2','3');
INSERT INTO Book_copies(book_id,branch_id,no_of_copies) VALUES ('1878529234','3','2');
INSERT INTO Book_copies(book_id,branch_id,no_of_copies) VALUES ('1878529234','4','2');
INSERT INTO Book_copies(book_id,branch_id,no_of_copies) VALUES ('1878529234','5','0');
INSERT INTO Book_copies(book_id,branch_id,no_of_copies) VALUES ('0070498415','1','0');
INSERT INTO Book_copies(book_id,branch_id,no_of_copies) VALUES ('0070498415','2','2');
INSERT INTO Book_copies(book_id,branch_id,no_of_copies) VALUES ('0070498415','3','1');
INSERT INTO Book_copies(book_id,branch_id,no_of_copies) VALUES ('0070498415','4','4');
INSERT INTO Book_copies(book_id,branch_id,no_of_copies) VALUES ('0070498415','5','2');
INSERT INTO Book_copies(book_id,branch_id,no_of_copies) VALUES ('0316695262','1','0');
INSERT INTO Book_copies(book_id,branch_id,no_of_copies) VALUES ('0316695262','2','3');
INSERT INTO Book_copies(book_id,branch_id,no_of_copies) VALUES ('0316695262','3','0');
INSERT INTO Book_copies(book_id,branch_id,no_of_copies) VALUES ('0316695262','4','0');
INSERT INTO Book_copies(book_id,branch_id,no_of_copies) VALUES ('0316695262','5','3');
INSERT INTO Book_copies(book_id,branch_id,no_of_copies) VALUES ('0262133822','1','1');
INSERT INTO Book_copies(book_id,branch_id,no_of_copies) VALUES ('0262133822','2','1');
INSERT INTO Book_copies(book_id,branch_id,no_of_copies) VALUES ('0262133822','3','0');
INSERT INTO Book_copies(book_id,branch_id,no_of_copies) VALUES ('0262133822','4','4');
INSERT INTO Book_copies(book_id,branch_id,no_of_copies) VALUES ('0262133822','5','1');
INSERT INTO Book_copies(book_id,branch_id,no_of_copies) VALUES ('0792393651','1','1');
INSERT INTO Book_copies(book_id,branch_id,no_of_copies) VALUES ('0792393651','2','0');
INSERT INTO Book_copies(book_id,branch_id,no_of_copies) VALUES ('0792393651','3','1');
INSERT INTO Book_copies(book_id,branch_id,no_of_copies) VALUES ('0792393651','4','0');
INSERT INTO Book_copies(book_id,branch_id,no_of_copies) VALUES ('0792393651','5','3');
INSERT INTO Book_copies(book_id,branch_id,no_of_copies) VALUES ('0262041642','1','0');
INSERT INTO Book_copies(book_id,branch_id,no_of_copies) VALUES ('0262041642','2','2');
INSERT INTO Book_copies(book_id,branch_id,no_of_copies) VALUES ('0262041642','3','2');
INSERT INTO Book_copies(book_id,branch_id,no_of_copies) VALUES ('0262041642','4','0');
INSERT INTO Book_copies(book_id,branch_id,no_of_copies) VALUES ('0262041642','5','1');
INSERT INTO Book_copies(book_id,branch_id,no_of_copies) VALUES ('0590496379','1','1');
INSERT INTO Book_copies(book_id,branch_id,no_of_copies) VALUES ('0590496379','2','2');
INSERT INTO Book_copies(book_id,branch_id,no_of_copies) VALUES ('0590496379','3','0');
INSERT INTO Book_copies(book_id,branch_id,no_of_copies) VALUES ('0590496379','4','0');
INSERT INTO Book_copies(book_id,branch_id,no_of_copies) VALUES ('0590496379','5','2');
INSERT INTO Book_copies(book_id,branch_id,no_of_copies) VALUES ('0534944469','1','1');
INSERT INTO Book_copies(book_id,branch_id,no_of_copies) VALUES ('0534944469','2','2');
INSERT INTO Book_copies(book_id,branch_id,no_of_copies) VALUES ('0534944469','3','2');
INSERT INTO Book_copies(book_id,branch_id,no_of_copies) VALUES ('0534944469','4','4');
INSERT INTO Book_copies(book_id,branch_id,no_of_copies) VALUES ('0534944469','5','4');
INSERT INTO Book_copies(book_id,branch_id,no_of_copies) VALUES ('0471587192','1','1');
INSERT INTO Book_copies(book_id,branch_id,no_of_copies) VALUES ('0471587192','2','0');
INSERT INTO Book_copies(book_id,branch_id,no_of_copies) VALUES ('0471587192','3','0');
INSERT INTO Book_copies(book_id,branch_id,no_of_copies) VALUES ('0471587192','4','4');
INSERT INTO Book_copies(book_id,branch_id,no_of_copies) VALUES ('0471587192','5','4');
INSERT INTO Book_copies(book_id,branch_id,no_of_copies) VALUES ('0812093119','1','2');
INSERT INTO Book_copies(book_id,branch_id,no_of_copies) VALUES ('0812093119','2','2');
INSERT INTO Book_copies(book_id,branch_id,no_of_copies) VALUES ('0812093119','3','2');
INSERT INTO Book_copies(book_id,branch_id,no_of_copies) VALUES ('0812093119','4','3');
INSERT INTO Book_copies(book_id,branch_id,no_of_copies) VALUES ('0812093119','5','1');
INSERT INTO Book_copies(book_id,branch_id,no_of_copies) VALUES ('0669076791','1','3');
INSERT INTO Book_copies(book_id,branch_id,no_of_copies) VALUES ('0669076791','2','0');
INSERT INTO Book_copies(book_id,branch_id,no_of_copies) VALUES ('0669076791','3','2');
INSERT INTO Book_copies(book_id,branch_id,no_of_copies) VALUES ('0669076791','4','1');
INSERT INTO Book_copies(book_id,branch_id,no_of_copies) VALUES ('0669076791','5','3');
INSERT INTO Book_copies(book_id,branch_id,no_of_copies) VALUES ('0737800033','1','2');
INSERT INTO Book_copies(book_id,branch_id,no_of_copies) VALUES ('0737800033','2','0');
INSERT INTO Book_copies(book_id,branch_id,no_of_copies) VALUES ('0737800033','3','2');
INSERT INTO Book_copies(book_id,branch_id,no_of_copies) VALUES ('0737800033','4','3');
INSERT INTO Book_copies(book_id,branch_id,no_of_copies) VALUES ('0737800033','5','3');
INSERT INTO Book_copies(book_id,branch_id,no_of_copies) VALUES ('0130819735','1','0');
INSERT INTO Book_copies(book_id,branch_id,no_of_copies) VALUES ('0130819735','2','0');
INSERT INTO Book_copies(book_id,branch_id,no_of_copies) VALUES ('0130819735','3','1');
INSERT INTO Book_copies(book_id,branch_id,no_of_copies) VALUES ('0130819735','4','3');
INSERT INTO Book_copies(book_id,branch_id,no_of_copies) VALUES ('0130819735','5','4');
INSERT INTO Book_copies(book_id,branch_id,no_of_copies) VALUES ('0471169196','1','2');
INSERT INTO Book_copies(book_id,branch_id,no_of_copies) VALUES ('0471169196','2','1');
INSERT INTO Book_copies(book_id,branch_id,no_of_copies) VALUES ('0471169196','3','0');
INSERT INTO Book_copies(book_id,branch_id,no_of_copies) VALUES ('0471169196','4','2');
INSERT INTO Book_copies(book_id,branch_id,no_of_copies) VALUES ('0471169196','5','2');
INSERT INTO Book_copies(book_id,branch_id,no_of_copies) VALUES ('0609607995','1','1');
INSERT INTO Book_copies(book_id,branch_id,no_of_copies) VALUES ('0609607995','2','2');
INSERT INTO Book_copies(book_id,branch_id,no_of_copies) VALUES ('0609607995','3','4');
INSERT INTO Book_copies(book_id,branch_id,no_of_copies) VALUES ('0609607995','4','2');
INSERT INTO Book_copies(book_id,branch_id,no_of_copies) VALUES ('0609607995','5','2');
INSERT INTO Book_copies(book_id,branch_id,no_of_copies) VALUES ('0060287659','1','3');
INSERT INTO Book_copies(book_id,branch_id,no_of_copies) VALUES ('0060287659','2','3');
INSERT INTO Book_copies(book_id,branch_id,no_of_copies) VALUES ('0060287659','3','0');
INSERT INTO Book_copies(book_id,branch_id,no_of_copies) VALUES ('0060287659','4','3');
INSERT INTO Book_copies(book_id,branch_id,no_of_copies) VALUES ('0060287659','5','4');
INSERT INTO Book_copies(book_id,branch_id,no_of_copies) VALUES ('0689836015','1','3');
INSERT INTO Book_copies(book_id,branch_id,no_of_copies) VALUES ('0689836015','2','0');
INSERT INTO Book_copies(book_id,branch_id,no_of_copies) VALUES ('0689836015','3','4');
INSERT INTO Book_copies(book_id,branch_id,no_of_copies) VALUES ('0689836015','4','4');
INSERT INTO Book_copies(book_id,branch_id,no_of_copies) VALUES ('0689836015','5','2');
INSERT INTO Book_copies(book_id,branch_id,no_of_copies) VALUES ('0201700735','1','2');
INSERT INTO Book_copies(book_id,branch_id,no_of_copies) VALUES ('0201700735','2','4');
INSERT INTO Book_copies(book_id,branch_id,no_of_copies) VALUES ('0201700735','3','2');
INSERT INTO Book_copies(book_id,branch_id,no_of_copies) VALUES ('0201700735','4','0');
INSERT INTO Book_copies(book_id,branch_id,no_of_copies) VALUES ('0201700735','5','1');
INSERT INTO Book_copies(book_id,branch_id,no_of_copies) VALUES ('014051452X','1','4');
INSERT INTO Book_copies(book_id,branch_id,no_of_copies) VALUES ('014051452X','2','3');
INSERT INTO Book_copies(book_id,branch_id,no_of_copies) VALUES ('014051452X','3','3');
INSERT INTO Book_copies(book_id,branch_id,no_of_copies) VALUES ('014051452X','4','4');
INSERT INTO Book_copies(book_id,branch_id,no_of_copies) VALUES ('014051452X','5','3');
INSERT INTO Book_copies(book_id,branch_id,no_of_copies) VALUES ('0962477060','1','3');
INSERT INTO Book_copies(book_id,branch_id,no_of_copies) VALUES ('0962477060','2','0');
INSERT INTO Book_copies(book_id,branch_id,no_of_copies) VALUES ('0962477060','3','0');
INSERT INTO Book_copies(book_id,branch_id,no_of_copies) VALUES ('0962477060','4','3');
INSERT INTO Book_copies(book_id,branch_id,no_of_copies) VALUES ('0962477060','5','4');
INSERT INTO Book_copies(book_id,branch_id,no_of_copies) VALUES ('0399147020','1','4');
INSERT INTO Book_copies(book_id,branch_id,no_of_copies) VALUES ('0399147020','2','4');
INSERT INTO Book_copies(book_id,branch_id,no_of_copies) VALUES ('0399147020','3','1');
INSERT INTO Book_copies(book_id,branch_id,no_of_copies) VALUES ('0399147020','4','0');
INSERT INTO Book_copies(book_id,branch_id,no_of_copies) VALUES ('0399147020','5','0');
INSERT INTO Book_copies(book_id,branch_id,no_of_copies) VALUES ('0395851580','1','2');
INSERT INTO Book_copies(book_id,branch_id,no_of_copies) VALUES ('0395851580','2','4');
INSERT INTO Book_copies(book_id,branch_id,no_of_copies) VALUES ('0395851580','3','0');
INSERT INTO Book_copies(book_id,branch_id,no_of_copies) VALUES ('0395851580','4','4');
INSERT INTO Book_copies(book_id,branch_id,no_of_copies) VALUES ('0395851580','5','2');
INSERT INTO Book_copies(book_id,branch_id,no_of_copies) VALUES ('0596000278','1','0');
INSERT INTO Book_copies(book_id,branch_id,no_of_copies) VALUES ('0596000278','2','3');
INSERT INTO Book_copies(book_id,branch_id,no_of_copies) VALUES ('0596000278','3','0');
INSERT INTO Book_copies(book_id,branch_id,no_of_copies) VALUES ('0596000278','4','1');
INSERT INTO Book_copies(book_id,branch_id,no_of_copies) VALUES ('0596000278','5','2');
INSERT INTO Book_copies(book_id,branch_id,no_of_copies) VALUES ('0060959290','1','1');
INSERT INTO Book_copies(book_id,branch_id,no_of_copies) VALUES ('0060959290','2','0');
INSERT INTO Book_copies(book_id,branch_id,no_of_copies) VALUES ('0060959290','3','2');
INSERT INTO Book_copies(book_id,branch_id,no_of_copies) VALUES ('0060959290','4','2');
INSERT INTO Book_copies(book_id,branch_id,no_of_copies) VALUES ('0060959290','5','0');
INSERT INTO Book_copies(book_id,branch_id,no_of_copies) VALUES ('0517707950','1','3');
INSERT INTO Book_copies(book_id,branch_id,no_of_copies) VALUES ('0517707950','2','4');
INSERT INTO Book_copies(book_id,branch_id,no_of_copies) VALUES ('0517707950','3','4');
INSERT INTO Book_copies(book_id,branch_id,no_of_copies) VALUES ('0517707950','4','1');
INSERT INTO Book_copies(book_id,branch_id,no_of_copies) VALUES ('0517707950','5','0');
INSERT INTO Book_copies(book_id,branch_id,no_of_copies) VALUES ('0134897250','1','4');
INSERT INTO Book_copies(book_id,branch_id,no_of_copies) VALUES ('0134897250','2','1');
INSERT INTO Book_copies(book_id,branch_id,no_of_copies) VALUES ('0134897250','3','3');
INSERT INTO Book_copies(book_id,branch_id,no_of_copies) VALUES ('0134897250','4','0');
INSERT INTO Book_copies(book_id,branch_id,no_of_copies) VALUES ('0134897250','5','0');
INSERT INTO Book_copies(book_id,branch_id,no_of_copies) VALUES ('042510107X','1','2');
INSERT INTO Book_copies(book_id,branch_id,no_of_copies) VALUES ('042510107X','2','4');
INSERT INTO Book_copies(book_id,branch_id,no_of_copies) VALUES ('042510107X','3','2');
INSERT INTO Book_copies(book_id,branch_id,no_of_copies) VALUES ('042510107X','4','3');
INSERT INTO Book_copies(book_id,branch_id,no_of_copies) VALUES ('042510107X','5','0');
INSERT INTO Book_copies(book_id,branch_id,no_of_copies) VALUES ('0618056777','1','3');
INSERT INTO Book_copies(book_id,branch_id,no_of_copies) VALUES ('0618056777','2','4');
INSERT INTO Book_copies(book_id,branch_id,no_of_copies) VALUES ('0618056777','3','2');
INSERT INTO Book_copies(book_id,branch_id,no_of_copies) VALUES ('0618056777','4','2');
INSERT INTO Book_copies(book_id,branch_id,no_of_copies) VALUES ('0618056777','5','4');
INSERT INTO Book_copies(book_id,branch_id,no_of_copies) VALUES ('0262181916','1','1');
INSERT INTO Book_copies(book_id,branch_id,no_of_copies) VALUES ('0262181916','2','1');
INSERT INTO Book_copies(book_id,branch_id,no_of_copies) VALUES ('0262181916','3','2');
INSERT INTO Book_copies(book_id,branch_id,no_of_copies) VALUES ('0262181916','4','3');
INSERT INTO Book_copies(book_id,branch_id,no_of_copies) VALUES ('0262181916','5','4');
INSERT INTO Book_copies(book_id,branch_id,no_of_copies) VALUES ('1566912296','1','3');
INSERT INTO Book_copies(book_id,branch_id,no_of_copies) VALUES ('1566912296','2','1');
INSERT INTO Book_copies(book_id,branch_id,no_of_copies) VALUES ('1566912296','3','2');
INSERT INTO Book_copies(book_id,branch_id,no_of_copies) VALUES ('1566912296','4','0');
INSERT INTO Book_copies(book_id,branch_id,no_of_copies) VALUES ('1566912296','5','3');
INSERT INTO Book_copies(book_id,branch_id,no_of_copies) VALUES ('0030059380','1','4');
INSERT INTO Book_copies(book_id,branch_id,no_of_copies) VALUES ('0030059380','2','0');
INSERT INTO Book_copies(book_id,branch_id,no_of_copies) VALUES ('0030059380','3','0');
INSERT INTO Book_copies(book_id,branch_id,no_of_copies) VALUES ('0030059380','4','1');
INSERT INTO Book_copies(book_id,branch_id,no_of_copies) VALUES ('0030059380','5','4');
INSERT INTO Book_copies(book_id,branch_id,no_of_copies) VALUES ('0671880756','1','1');
INSERT INTO Book_copies(book_id,branch_id,no_of_copies) VALUES ('0671880756','2','3');
INSERT INTO Book_copies(book_id,branch_id,no_of_copies) VALUES ('0671880756','3','2');
INSERT INTO Book_copies(book_id,branch_id,no_of_copies) VALUES ('0671880756','4','3');
INSERT INTO Book_copies(book_id,branch_id,no_of_copies) VALUES ('0671880756','5','1');
INSERT INTO Book_copies(book_id,branch_id,no_of_copies) VALUES ('0688161995','1','3');
INSERT INTO Book_copies(book_id,branch_id,no_of_copies) VALUES ('0688161995','2','4');
INSERT INTO Book_copies(book_id,branch_id,no_of_copies) VALUES ('0688161995','3','1');
INSERT INTO Book_copies(book_id,branch_id,no_of_copies) VALUES ('0688161995','4','4');
INSERT INTO Book_copies(book_id,branch_id,no_of_copies) VALUES ('0688161995','5','1');
INSERT INTO Book_copies(book_id,branch_id,no_of_copies) VALUES ('0688127371','1','3');
INSERT INTO Book_copies(book_id,branch_id,no_of_copies) VALUES ('0688127371','2','4');
INSERT INTO Book_copies(book_id,branch_id,no_of_copies) VALUES ('0688127371','3','4');
INSERT INTO Book_copies(book_id,branch_id,no_of_copies) VALUES ('0688127371','4','3');
INSERT INTO Book_copies(book_id,branch_id,no_of_copies) VALUES ('0688127371','5','2');
INSERT INTO Book_copies(book_id,branch_id,no_of_copies) VALUES ('0070571864','1','4');
INSERT INTO Book_copies(book_id,branch_id,no_of_copies) VALUES ('0070571864','2','0');
INSERT INTO Book_copies(book_id,branch_id,no_of_copies) VALUES ('0070571864','3','4');
INSERT INTO Book_copies(book_id,branch_id,no_of_copies) VALUES ('0070571864','4','0');
INSERT INTO Book_copies(book_id,branch_id,no_of_copies) VALUES ('0070571864','5','3');
INSERT INTO Book_copies(book_id,branch_id,no_of_copies) VALUES ('0465041752','1','2');
INSERT INTO Book_copies(book_id,branch_id,no_of_copies) VALUES ('0465041752','2','2');
INSERT INTO Book_copies(book_id,branch_id,no_of_copies) VALUES ('0465041752','3','0');
INSERT INTO Book_copies(book_id,branch_id,no_of_copies) VALUES ('0465041752','4','3');
INSERT INTO Book_copies(book_id,branch_id,no_of_copies) VALUES ('0465041752','5','2');
INSERT INTO Book_copies(book_id,branch_id,no_of_copies) VALUES ('1902618351','1','1');
INSERT INTO Book_copies(book_id,branch_id,no_of_copies) VALUES ('1902618351','2','1');
INSERT INTO Book_copies(book_id,branch_id,no_of_copies) VALUES ('1902618351','3','3');
INSERT INTO Book_copies(book_id,branch_id,no_of_copies) VALUES ('1902618351','4','4');
INSERT INTO Book_copies(book_id,branch_id,no_of_copies) VALUES ('1902618351','5','1');
INSERT INTO Book_copies(book_id,branch_id,no_of_copies) VALUES ('0850668093','1','0');
INSERT INTO Book_copies(book_id,branch_id,no_of_copies) VALUES ('0850668093','2','3');
INSERT INTO Book_copies(book_id,branch_id,no_of_copies) VALUES ('0850668093','3','2');
INSERT INTO Book_copies(book_id,branch_id,no_of_copies) VALUES ('0850668093','4','4');
INSERT INTO Book_copies(book_id,branch_id,no_of_copies) VALUES ('0850668093','5','3');
INSERT INTO Book_copies(book_id,branch_id,no_of_copies) VALUES ('0590262540','1','2');
INSERT INTO Book_copies(book_id,branch_id,no_of_copies) VALUES ('0590262540','2','4');
INSERT INTO Book_copies(book_id,branch_id,no_of_copies) VALUES ('0590262540','3','1');
INSERT INTO Book_copies(book_id,branch_id,no_of_copies) VALUES ('0590262540','4','0');
INSERT INTO Book_copies(book_id,branch_id,no_of_copies) VALUES ('0590262540','5','2');
INSERT INTO Book_copies(book_id,branch_id,no_of_copies) VALUES ('0590494414','1','1');
INSERT INTO Book_copies(book_id,branch_id,no_of_copies) VALUES ('0590494414','2','1');
INSERT INTO Book_copies(book_id,branch_id,no_of_copies) VALUES ('0590494414','3','0');
INSERT INTO Book_copies(book_id,branch_id,no_of_copies) VALUES ('0590494414','4','1');
INSERT INTO Book_copies(book_id,branch_id,no_of_copies) VALUES ('0590494414','5','2');
INSERT INTO Book_copies(book_id,branch_id,no_of_copies) VALUES ('0590494368','1','3');
INSERT INTO Book_copies(book_id,branch_id,no_of_copies) VALUES ('0590494368','2','3');
INSERT INTO Book_copies(book_id,branch_id,no_of_copies) VALUES ('0590494368','3','1');
INSERT INTO Book_copies(book_id,branch_id,no_of_copies) VALUES ('0590494368','4','1');
INSERT INTO Book_copies(book_id,branch_id,no_of_copies) VALUES ('0590494368','5','4');
INSERT INTO Book_copies(book_id,branch_id,no_of_copies) VALUES ('0911625607','1','2');
INSERT INTO Book_copies(book_id,branch_id,no_of_copies) VALUES ('0911625607','2','2');
INSERT INTO Book_copies(book_id,branch_id,no_of_copies) VALUES ('0911625607','3','0');
INSERT INTO Book_copies(book_id,branch_id,no_of_copies) VALUES ('0911625607','4','4');
INSERT INTO Book_copies(book_id,branch_id,no_of_copies) VALUES ('0911625607','5','2');
INSERT INTO Book_copies(book_id,branch_id,no_of_copies) VALUES ('0911625852','1','0');
INSERT INTO Book_copies(book_id,branch_id,no_of_copies) VALUES ('0911625852','2','2');
INSERT INTO Book_copies(book_id,branch_id,no_of_copies) VALUES ('0911625852','3','1');
INSERT INTO Book_copies(book_id,branch_id,no_of_copies) VALUES ('0911625852','4','1');
INSERT INTO Book_copies(book_id,branch_id,no_of_copies) VALUES ('0911625852','5','0');
INSERT INTO Book_copies(book_id,branch_id,no_of_copies) VALUES ('0911625291','1','3');
INSERT INTO Book_copies(book_id,branch_id,no_of_copies) VALUES ('0911625291','2','1');
INSERT INTO Book_copies(book_id,branch_id,no_of_copies) VALUES ('0911625291','3','1');
INSERT INTO Book_copies(book_id,branch_id,no_of_copies) VALUES ('0911625291','4','0');
INSERT INTO Book_copies(book_id,branch_id,no_of_copies) VALUES ('0911625291','5','2');
INSERT INTO Book_copies(book_id,branch_id,no_of_copies) VALUES ('0553102370','1','1');
INSERT INTO Book_copies(book_id,branch_id,no_of_copies) VALUES ('0553102370','2','3');
INSERT INTO Book_copies(book_id,branch_id,no_of_copies) VALUES ('0553102370','3','4');
INSERT INTO Book_copies(book_id,branch_id,no_of_copies) VALUES ('0553102370','4','2');
INSERT INTO Book_copies(book_id,branch_id,no_of_copies) VALUES ('0553102370','5','3');
INSERT INTO Book_copies(book_id,branch_id,no_of_copies) VALUES ('0345417623','1','1');
INSERT INTO Book_copies(book_id,branch_id,no_of_copies) VALUES ('0345417623','2','2');
INSERT INTO Book_copies(book_id,branch_id,no_of_copies) VALUES ('0345417623','3','0');
INSERT INTO Book_copies(book_id,branch_id,no_of_copies) VALUES ('0345417623','4','0');
INSERT INTO Book_copies(book_id,branch_id,no_of_copies) VALUES ('0345417623','5','3');
INSERT INTO Book_copies(book_id,branch_id,no_of_copies) VALUES ('0689829531','1','1');
INSERT INTO Book_copies(book_id,branch_id,no_of_copies) VALUES ('0689829531','2','2');
INSERT INTO Book_copies(book_id,branch_id,no_of_copies) VALUES ('0689829531','3','1');
INSERT INTO Book_copies(book_id,branch_id,no_of_copies) VALUES ('0689829531','4','2');
INSERT INTO Book_copies(book_id,branch_id,no_of_copies) VALUES ('0689829531','5','0');
INSERT INTO Book_copies(book_id,branch_id,no_of_copies) VALUES ('0387987010','1','0');
INSERT INTO Book_copies(book_id,branch_id,no_of_copies) VALUES ('0387987010','2','0');
INSERT INTO Book_copies(book_id,branch_id,no_of_copies) VALUES ('0387987010','3','1');
INSERT INTO Book_copies(book_id,branch_id,no_of_copies) VALUES ('0387987010','4','0');
INSERT INTO Book_copies(book_id,branch_id,no_of_copies) VALUES ('0387987010','5','3');
INSERT INTO Book_copies(book_id,branch_id,no_of_copies) VALUES ('0813527406','1','3');
INSERT INTO Book_copies(book_id,branch_id,no_of_copies) VALUES ('0813527406','2','3');
INSERT INTO Book_copies(book_id,branch_id,no_of_copies) VALUES ('0813527406','3','3');
INSERT INTO Book_copies(book_id,branch_id,no_of_copies) VALUES ('0813527406','4','4');
INSERT INTO Book_copies(book_id,branch_id,no_of_copies) VALUES ('0813527406','5','3');
INSERT INTO Book_copies(book_id,branch_id,no_of_copies) VALUES ('0060930497','1','1');
INSERT INTO Book_copies(book_id,branch_id,no_of_copies) VALUES ('0060930497','2','1');
INSERT INTO Book_copies(book_id,branch_id,no_of_copies) VALUES ('0060930497','3','0');
INSERT INTO Book_copies(book_id,branch_id,no_of_copies) VALUES ('0060930497','4','3');
INSERT INTO Book_copies(book_id,branch_id,no_of_copies) VALUES ('0060930497','5','4');
INSERT INTO Book_copies(book_id,branch_id,no_of_copies) VALUES ('0195148665','1','0');
INSERT INTO Book_copies(book_id,branch_id,no_of_copies) VALUES ('0195148665','2','1');
INSERT INTO Book_copies(book_id,branch_id,no_of_copies) VALUES ('0195148665','3','0');
INSERT INTO Book_copies(book_id,branch_id,no_of_copies) VALUES ('0195148665','4','2');
INSERT INTO Book_copies(book_id,branch_id,no_of_copies) VALUES ('0195148665','5','2');
INSERT INTO Book_copies(book_id,branch_id,no_of_copies) VALUES ('0199291144','1','1');
INSERT INTO Book_copies(book_id,branch_id,no_of_copies) VALUES ('0199291144','2','1');
INSERT INTO Book_copies(book_id,branch_id,no_of_copies) VALUES ('0199291144','3','1');
INSERT INTO Book_copies(book_id,branch_id,no_of_copies) VALUES ('0199291144','4','1');
INSERT INTO Book_copies(book_id,branch_id,no_of_copies) VALUES ('0199291144','5','3');
INSERT INTO Book_copies(book_id,branch_id,no_of_copies) VALUES ('0192860925','1','2');
INSERT INTO Book_copies(book_id,branch_id,no_of_copies) VALUES ('0192860925','2','2');
INSERT INTO Book_copies(book_id,branch_id,no_of_copies) VALUES ('0192860925','3','1');
INSERT INTO Book_copies(book_id,branch_id,no_of_copies) VALUES ('0192860925','4','1');
INSERT INTO Book_copies(book_id,branch_id,no_of_copies) VALUES ('0192860925','5','1');

/*!40000 ALTER TABLE `book_copies` ENABLE KEYS */;
UNLOCK TABLES;

--
-- Table structure for table `book_loan_history`
--

DROP TABLE IF EXISTS `book_loan_history`;
/*!40101 SET @saved_cs_client     = @@character_set_client */;
/*!40101 SET character_set_client = utf8 */;
CREATE TABLE `book_loan_history` (
  `BOOK_ID` varchar(15) NOT NULL DEFAULT '',
  `BRANCH_ID` int(5) NOT NULL DEFAULT '0',
  `CARD_NO` varchar(10) NOT NULL DEFAULT '',
  `DATE_OUT` date DEFAULT NULL,
  `DUE_DATE` date DEFAULT NULL,
  `DATE_IN` date DEFAULT NULL,
  `TYPE` 	varchar(10),
  PRIMARY KEY (`BOOK_ID`,`BRANCH_ID`,`CARD_NO`)
) ENGINE=InnoDB DEFAULT CHARSET=utf8;
/*!40101 SET character_set_client = @saved_cs_client */;

--
-- Dumping data for table `book_loan_history`
--

LOCK TABLES `book_loan_history` WRITE;
/*!40000 ALTER TABLE `book_loan_history` DISABLE KEYS */;
INSERT INTO `book_loan_history` VALUES ('014051452X',1,'9010','2013-11-15','2013-12-11'),('014051452X',1,'9017','2013-12-11','2013-12-11'),('020163371X',1,'9010','2013-11-18','2013-12-08'),('967174805',3,'9018','2013-11-16','2013-12-06');
/*!40000 ALTER TABLE `book_loan_history` ENABLE KEYS */;
UNLOCK TABLES;

--
-- Table structure for table `book_loans`
--

DROP TABLE IF EXISTS `book_loans`;
/*!40101 SET @saved_cs_client     = @@character_set_client */;
/*!40101 SET character_set_client = utf8 */;
CREATE TABLE `book_loans` (
  `loan_id` int(2) NOT NULL,
  `book_id` varchar(15) NOT NULL DEFAULT '',
  `branch_id` int(5) NOT NULL DEFAULT '0',
  `card_no` varchar(10) NOT NULL DEFAULT '',
  `date_out` date DEFAULT NULL,
  `due_date` date DEFAULT NULL,
  `date_in` date DEFAULT NULL,
  PRIMARY KEY (`loan_id`),
  #KEY `branch_id` (`branch_id`),
  #KEY `card_no` (`card_no`),
  CONSTRAINT `book_loans_ibfk_1` FOREIGN KEY (`book_id`) REFERENCES `book` (`book_id`),
  CONSTRAINT `book_loans_ibfk_2` FOREIGN KEY (`branch_id`) REFERENCES `library_branch` (`branch_id`),
  CONSTRAINT `book_loans_ibfk_3` FOREIGN KEY (`card_no`) REFERENCES `borrower` (`card_no`)
) ENGINE=InnoDB DEFAULT CHARSET=utf8;
/*!40101 SET character_set_client = @saved_cs_client */;

--
-- Dumping data for table `book_loans`
--

LOCK TABLES `book_loans` WRITE;
/*!40000 ALTER TABLE `book_loans` DISABLE KEYS */;

INSERT INTO Book_loans(loan_id,book_id,branch_id,card_no,date_out,due_date,date_in) VALUES (1,'0399147020','1','9019','2013-11-22','2013-12-06','2013-12-01');
INSERT INTO Book_loans(loan_id,book_id,branch_id,card_no,date_out,due_date,date_in) VALUES (2,'0030059380','4','9007','2013-12-01','2013-12-15','2013-12-16');
INSERT INTO Book_loans(loan_id,book_id,branch_id,card_no,date_out,due_date,date_in) VALUES (3,'0671880756','5','9018','2013-12-08','2013-12-22','2013-12-22');
INSERT INTO Book_loans(loan_id,book_id,branch_id,card_no,date_out,due_date,date_in) VALUES (4,'0911625291','3','9013','2014-01-02','2014-01-16','2014-01-12');
INSERT INTO Book_loans(loan_id,book_id,branch_id,card_no,date_out,due_date,date_in) VALUES (5,'0688161995','5','9022','2014-02-10','2014-02-24','2014-03-01');
INSERT INTO Book_loans(loan_id,book_id,branch_id,card_no,date_out,due_date,date_in) VALUES (6,'0911625291','2','9011','2014-03-03','2014-03-17','2014-03-16');
INSERT INTO Book_loans(loan_id,book_id,branch_id,card_no,date_out,due_date,date_in) VALUES (7,'1861003730','3','9034','2014-04-17','2014-05-01','NULL');
INSERT INTO Book_loans(loan_id,book_id,branch_id,card_no,date_out,due_date,date_in) VALUES (8,'0201612585','3','9034','2014-04-17','2014-05-01','NULL');
INSERT INTO Book_loans(loan_id,book_id,branch_id,card_no,date_out,due_date,date_in) VALUES (9,'1565927699','3','9034','2014-04-17','2014-05-01','NULL');
INSERT INTO Book_loans(loan_id,book_id,branch_id,card_no,date_out,due_date,date_in) VALUES (10,'0192860925','4','9009','2014-04-18','2014-05-02','NULL');
INSERT INTO Book_loans(loan_id,book_id,branch_id,card_no,date_out,due_date,date_in) VALUES (11,'0805057579','1','9021','2014-04-18','2014-05-02','NULL');
INSERT INTO Book_loans(loan_id,book_id,branch_id,card_no,date_out,due_date,date_in) VALUES (12,'0911625607','2','9018','2014-04-19','2014-05-03','NULL');


/*!40000 ALTER TABLE `book_loans` ENABLE KEYS */;
UNLOCK TABLES;

--
-- Table structure for table `borrower`
--

DROP TABLE IF EXISTS `borrower`;
/*!40101 SET @saved_cs_client     = @@character_set_client */;
/*!40101 SET character_set_client = utf8 */;
CREATE TABLE `borrower` (
  `card_no` varchar(10) NOT NULL DEFAULT '',
  `fname`   varchar(25) DEFAULT NULL,
  `lname` 	varchar(25) DEFAULT NULL,
  `address` varchar(35) DEFAULT NULL,
  `city`    varchar(20) DEFAULT NULL,
  `state`   varchar(10) DEFAULT NULL,
  `phone`   varchar(15) DEFAULT NULL,
  PRIMARY KEY (`card_no`)
) ENGINE=InnoDB DEFAULT CHARSET=utf8;
/*!40101 SET character_set_client = @saved_cs_client */;

--
-- Dumping data for table `borrower`
--

LOCK TABLES `borrower` WRITE;
/*!40000 ALTER TABLE `borrower` DISABLE KEYS */;

INSERT INTO Borrower(card_no,fname,lname,address,city,state,phone) VALUES (9001,'Jared','James','123 Peachtree','Plano','TX','(972) 818-4967');
INSERT INTO Borrower(card_no,fname,lname,address,city,state,phone) VALUES (9002,'Jon','Jones','111 Allgood','Dallas','TX','(214) 354-6154');
INSERT INTO Borrower(card_no,fname,lname,address,city,state,phone) VALUES (9003,'Justin','Mark','2342 May','Richardson','TX','(972) 537-6659');
INSERT INTO Borrower(card_no,fname,lname,address,city,state,phone) VALUES (9004,'Brad','Knight','176 Main St.','Richardson','TX','(972) 440-0422');
INSERT INTO Borrower(card_no,fname,lname,address,city,state,phone) VALUES (9005,'John','Smith','731 Fondren','Dallas','TX','(214) 328-2218');
INSERT INTO Borrower(card_no,fname,lname,address,city,state,phone) VALUES (9006,'Evan','Wallis','134 Pelham','Dallas','TX','(214) 789-9683');
INSERT INTO Borrower(card_no,fname,lname,address,city,state,phone) VALUES (9007,'Josh','Zell','266 McGrady','Plano','TX','(972) 718-7235');
INSERT INTO Borrower(card_no,fname,lname,address,city,state,phone) VALUES (9008,'Andy','Vile','1967 Jordan','Dallas','TX','(214) 374-5503');
INSERT INTO Borrower(card_no,fname,lname,address,city,state,phone) VALUES (9009,'Tom','Brand','112 Third St','Dallas','TX','(214) 897-9919');
INSERT INTO Borrower(card_no,fname,lname,address,city,state,phone) VALUES (9010,'Jenny','Vos','263 Mayberry','Dallas','TX','(214) 611-1968');
INSERT INTO Borrower(card_no,fname,lname,address,city,state,phone) VALUES (9011,'Chris','Carter','565 Jordan','Dallas','TX','(214) 314-8107');
INSERT INTO Borrower(card_no,fname,lname,address,city,state,phone) VALUES (9012,'Kim','Grace','6677 Mills Ave','Richardson','TX','(972) 743-9888');
INSERT INTO Borrower(card_no,fname,lname,address,city,state,phone) VALUES (9013,'Jeff','Chase','145 Bradbury','Dallas','TX','(214) 255-6961');
INSERT INTO Borrower(card_no,fname,lname,address,city,state,phone) VALUES (9014,'Franklin','Wong','638 Voss','Plano','TX','(972) 321-8228');
INSERT INTO Borrower(card_no,fname,lname,address,city,state,phone) VALUES (9015,'Alex','Freed','4333 Pillsbury','Dallas','TX','(214) 362-2794');
INSERT INTO Borrower(card_no,fname,lname,address,city,state,phone) VALUES (9016,'Bonnie','Bays','111 Hollow','Dallas','TX','(214) 453-8639');
INSERT INTO Borrower(card_no,fname,lname,address,city,state,phone) VALUES (9017,'Alec','Best','233 Solid','Dallas','TX','(972) 940-0022');
INSERT INTO Borrower(card_no,fname,lname,address,city,state,phone) VALUES (9018,'Sam','Snedden','987 Windy St','Richardson','TX','(972) 684-5034');
INSERT INTO Borrower(card_no,fname,lname,address,city,state,phone) VALUES (9019,'Joyce','English','5631 Rice','Dallas','TX','(214) 375-5925');
INSERT INTO Borrower(card_no,fname,lname,address,city,state,phone) VALUES (9020,'John','James','7676 Bloomington','Dallas','TX','(214) 592-4524');
INSERT INTO Borrower(card_no,fname,lname,address,city,state,phone) VALUES (9021,'John','Smith','2103 E. Brazos','Plano','TX','(972) 482-1856');
INSERT INTO Borrower(card_no,fname,lname,address,city,state,phone) VALUES (9022,'Nandita','Ball','222 Howard','Dallas','TX','(214) 949-3746');
INSERT INTO Borrower(card_no,fname,lname,address,city,state,phone) VALUES (9023,'Bob','Bender','8794 Garfield','Richardson','TX','(972) 223-8737');
INSERT INTO Borrower(card_no,fname,lname,address,city,state,phone) VALUES (9024,'Jill','Jarvis','6234 Lincoln','Dallas','TX','(972) 900-1067');
INSERT INTO Borrower(card_no,fname,lname,address,city,state,phone) VALUES (9025,'Kate','King','1976 Boone Trace','Dallas','TX','(214) 606-1839');
INSERT INTO Borrower(card_no,fname,lname,address,city,state,phone) VALUES (9026,'Lyle','Leslie','417 Hancock Ave','Dallas','TX','(972) 211-0844');
INSERT INTO Borrower(card_no,fname,lname,address,city,state,phone) VALUES (9027,'Billie','King','556 Washington','Plano','TX','(972) 639-4407');
INSERT INTO Borrower(card_no,fname,lname,address,city,state,phone) VALUES (9028,'Jon','Kramer','1988 Windy Creek','Richardson','TX','(972) 698-9121');
INSERT INTO Borrower(card_no,fname,lname,address,city,state,phone) VALUES (9029,'Ray','King','213 Delk Road','Dallas','TX','(214) 606-7831');
INSERT INTO Borrower(card_no,fname,lname,address,city,state,phone) VALUES (9030,'Gerald','Small','122 Ball Street','Dallas','TX','(972) 217-6716');
INSERT INTO Borrower(card_no,fname,lname,address,city,state,phone) VALUES (9031,'Arnold','Head','233 Spring St','Richardson','TX','(972) 738-0055');
INSERT INTO Borrower(card_no,fname,lname,address,city,state,phone) VALUES (9032,'Helga','Pataki','101 Holyoke St','Dallas','TX','(214) 380-9260');
INSERT INTO Borrower(card_no,fname,lname,address,city,state,phone) VALUES (9033,'Naveen','Drew','198 Elm St','Plano','TX','(972) 931-7427');
INSERT INTO Borrower(card_no,fname,lname,address,city,state,phone) VALUES (9034,'Carl','Reedy','213 Ball St','Dallas','TX','(214) 757-0242');
INSERT INTO Borrower(card_no,fname,lname,address,city,state,phone) VALUES (9035,'Sammy','Hall','433 Main Street','Dallas','TX','(214) 573-4872');
INSERT INTO Borrower(card_no,fname,lname,address,city,state,phone) VALUES (9036,'Red','Bacher','196 Elm Street','Dallas','TX','(214) 631-2972');
INSERT INTO Borrower(card_no,fname,lname,address,city,state,phone) VALUES (9037,'Ramesh','Narayan','971 Fire Oak','Richardson','TX','(972) 414-1503');
INSERT INTO Borrower(card_no,fname,lname,address,city,state,phone) VALUES (9038,'James','Borg','450 Stone','Richardson','TX','(972) 213-1551');
INSERT INTO Borrower(card_no,fname,lname,address,city,state,phone) VALUES (9039,'Jennifer','Wallace','291 Berry','Richardson','TX','(972) 486-4159');
INSERT INTO Borrower(card_no,fname,lname,address,city,state,phone) VALUES (9040,'Ahmad','Jabbar','980 Dallas','Dallas','TX','(214) 934-7146');
INSERT INTO Borrower(card_no,fname,lname,address,city,state,phone) VALUES (9041,'Alicia','Zelaya','3321 Castle','Dallas','TX','(214) 535-7531');

/*!40000 ALTER TABLE `borrower` ENABLE KEYS */;
UNLOCK TABLES;

--
-- Table structure for table `library_branch`
--

DROP TABLE IF EXISTS `library_branch`;
/*!40101 SET @saved_cs_client     = @@character_set_client */;
/*!40101 SET character_set_client = utf8 */;
CREATE TABLE `library_branch` (
  `branch_id` int(5) NOT NULL DEFAULT '0',
  `branch_name` varchar(25) DEFAULT NULL,
  `address` varchar(35) DEFAULT NULL,
  PRIMARY KEY (`branch_id`)
) ENGINE=InnoDB DEFAULT CHARSET=utf8;
/*!40101 SET character_set_client = @saved_cs_client */;

--
-- Dumping data for table `library_branch`
--

LOCK TABLES `library_branch` WRITE;
/*!40000 ALTER TABLE `library_branch` DISABLE KEYS */;
INSERT INTO Library_Branch(branch_id,branch_name,address) VALUES (1,'Oak Lawn','4100 Cedar Springs Road, 75219');
INSERT INTO Library_Branch(branch_id,branch_name,address) VALUES (2,'Lakewood','6121 Worth Street, 75214');
INSERT INTO Library_Branch(branch_id,branch_name,address) VALUES (3,'Grauwyler Park','2146 Gilford Street, 75235');
INSERT INTO Library_Branch(branch_id,branch_name,address) VALUES (4,'Highland Hills','3624 Simpson Stuart Road, 75241');
INSERT INTO Library_Branch(branch_id,branch_name,address) VALUES (5,'Audelia Road','10045 Audelia Road, 75238');
/*!40000 ALTER TABLE `library_branch` ENABLE KEYS */;
UNLOCK TABLES;

--
-- Table structure for table `user_access`
--

DROP TABLE IF EXISTS `user_access`;
/*!40101 SET @saved_cs_client     = @@character_set_client */;
/*!40101 SET character_set_client = utf8 */;
CREATE TABLE `user_access` (
  `USER_NAME` varchar(15) NOT NULL DEFAULT '',
  `PASSWORD_FIELD` varchar(15) DEFAULT NULL,
  PRIMARY KEY (`USER_NAME`)
) ENGINE=InnoDB DEFAULT CHARSET=utf8;
/*!40101 SET character_set_client = @saved_cs_client */;

--
-- Dumping data for table `user_access`
--

LOCK TABLES `user_access` WRITE;
/*!40000 ALTER TABLE `user_access` DISABLE KEYS */;
INSERT INTO `user_access` VALUES ('ABCD','1234');
/*!40000 ALTER TABLE `user_access` ENABLE KEYS */;
UNLOCK TABLES;
/*!40103 SET TIME_ZONE=@OLD_TIME_ZONE */;

/*!40101 SET SQL_MODE=@OLD_SQL_MODE */;
/*!40014 SET FOREIGN_KEY_CHECKS=@OLD_FOREIGN_KEY_CHECKS */;
/*!40014 SET UNIQUE_CHECKS=@OLD_UNIQUE_CHECKS */;
/*!40101 SET CHARACTER_SET_CLIENT=@OLD_CHARACTER_SET_CLIENT */;
/*!40101 SET CHARACTER_SET_RESULTS=@OLD_CHARACTER_SET_RESULTS */;
/*!40101 SET COLLATION_CONNECTION=@OLD_COLLATION_CONNECTION */;
/*!40111 SET SQL_NOTES=@OLD_SQL_NOTES */;

-- Dump completed on 2014-04-17 16:12:59
